timestamp,session_type,level_type,level_price,confluence_count,outcome,ticks,mae,bars_held,trade_date
2024-01-02 19:01:00-05:00,previous_day,poc,4788.0,0,win,60,1.0,23,2024-01-02
2024-01-02 19:39:00-05:00,previous_day,poc,4788.0,0,win,60,9.0,27,2024-01-02
2024-01-09 19:45:00-05:00,previous_day,poc,4793.0,0,win,60,3.0,5,2024-01-09
2024-01-10 21:20:00-05:00,previous_day,vah,4827.5,0,win,60,7.0,64,2024-01-10
2024-01-16 18:40:00-05:00,previous_day,poc,4798.5,0,win,60,3.0,2,2024-01-16
2024-01-16 19:04:00-05:00,previous_day,poc,4798.5,0,loss,-16,16.0,63,2024-01-16
2024-01-16 21:21:00-05:00,previous_day,val,4792.0,1,win,60,5.0,14,2024-01-16
2024-01-18 18:30:00-05:00,previous_day,poc,4811.0,0,win,60,4.0,4,2024-01-18
2024-01-18 18:46:00-05:00,previous_day,poc,4811.0,0,win,60,0.0,1,2024-01-18
2024-01-18 20:20:00-05:00,previous_day,poc,4811.0,0,win,60,4.0,4,2024-01-18
2024-01-18 20:31:00-05:00,previous_day,poc,4811.0,0,win,60,2.0,6,2024-01-18
2024-01-22 18:32:00-05:00,previous_day,poc,4881.75,1,win,60,6.0,55,2024-01-22
2024-01-22 19:31:00-05:00,previous_day,poc,4881.75,1,win,60,10.0,45,2024-01-22
2024-01-22 20:32:00-05:00,previous_day,val,4879.25,0,win,60,0.0,10,2024-01-22
2024-01-22 20:44:00-05:00,previous_day,val,4879.25,0,win,60,1.0,5,2024-01-22
2024-01-22 21:01:00-05:00,previous_day,poc,4881.75,1,win,60,0.0,7,2024-01-22
2024-01-22 21:55:00-05:00,previous_day,poc,4881.75,1,win,60,7.0,91,2024-01-22
2024-01-24 18:39:00-05:00,previous_day,poc,4898.75,0,win,60,4.0,17,2024-01-24
2024-01-24 19:01:00-05:00,previous_day,poc,4898.75,0,win,60,0.0,1,2024-01-24
2024-01-24 19:10:00-05:00,previous_day,val,4896.25,0,win,60,0.0,1,2024-01-24
2024-01-24 19:39:00-05:00,previous_day,poc,4898.75,0,win,60,3.0,3,2024-01-24
2024-01-24 20:16:00-05:00,previous_day,poc,4898.75,0,loss,-16,16.0,17,2024-01-24
2024-01-24 20:38:00-05:00,previous_day,val,4896.25,0,win,60,4.0,7,2024-01-24
2024-01-24 21:12:00-05:00,previous_day,poc,4898.75,0,loss,-16,16.0,31,2024-01-24
2024-01-29 19:30:00-05:00,previous_day,vah,4954.75,1,win,60,0.0,1,2024-01-29
2024-01-29 19:41:00-05:00,previous_day,vah,4954.75,1,win,60,3.0,44,2024-01-29
2024-01-29 20:30:00-05:00,previous_day,vah,4954.75,1,win,60,0.0,1,2024-01-29
2024-01-29 20:55:00-05:00,previous_day,vah,4954.75,1,win,60,0.0,1,2024-01-29
2024-01-29 21:45:00-05:00,previous_day,vah,4954.75,1,win,60,0.0,3,2024-01-29
2024-01-29 21:55:00-05:00,previous_day,vah,4954.75,1,win,60,2.0,16,2024-01-29
2024-02-05 19:46:00-05:00,previous_day,poc,4961.0,0,win,60,2.0,13,2024-02-05
2024-02-05 20:01:00-05:00,previous_day,poc,4961.0,0,win,60,0.0,1,2024-02-05
2024-02-05 20:20:00-05:00,previous_day,poc,4961.0,0,win,60,0.0,13,2024-02-05
2024-02-05 20:40:00-05:00,previous_day,poc,4961.0,0,win,60,1.0,47,2024-02-05
2024-02-06 20:07:00-05:00,previous_day,vah,4977.0,0,win,60,0.0,3,2024-02-06
2024-02-07 21:07:00-05:00,previous_day,poc,5015.5,0,win,60,8.0,19,2024-02-07
2024-02-08 19:08:00-05:00,previous_day,poc,5017.0,1,win,60,7.0,9,2024-02-08
2024-02-12 18:34:00-05:00,previous_day,val,5035.25,0,win,60,3.0,23,2024-02-12
2024-02-12 19:00:00-05:00,previous_day,val,5035.25,0,win,60,2.0,2,2024-02-12
2024-02-13 18:49:00-05:00,previous_day,poc,4971.75,0,win,60,9.0,36,2024-02-13
2024-02-13 20:14:00-05:00,previous_day,poc,4971.75,0,win,60,12.0,25,2024-02-13
2024-02-13 20:55:00-05:00,previous_day,poc,4971.75,0,win,60,3.0,9,2024-02-13
2024-02-13 21:31:00-05:00,previous_day,poc,4971.75,0,win,60,9.0,62,2024-02-13
2024-02-14 19:22:00-05:00,previous_day,vah,5016.0,1,win,60,0.0,1,2024-02-14
2024-02-14 19:31:00-05:00,previous_day,vah,5016.0,1,win,60,2.0,12,2024-02-14
2024-02-14 19:44:00-05:00,previous_day,vah,5016.0,1,win,60,2.0,9,2024-02-14
2024-02-14 19:59:00-05:00,previous_day,poc,5015.25,1,win,60,2.0,4,2024-02-14
2024-02-14 21:41:00-05:00,previous_day,poc,5015.25,1,win,60,1.0,15,2024-02-14
2024-02-15 18:31:00-05:00,previous_day,vah,5048.0,0,win,60,1.0,6,2024-02-15
2024-02-15 18:56:00-05:00,previous_day,vah,5048.0,0,win,60,2.0,7,2024-02-15
2024-02-15 19:04:00-05:00,previous_day,poc,5046.75,0,win,60,1.0,2,2024-02-15
2024-02-20 20:09:00-05:00,previous_day,val,4982.5,0,win,60,0.0,1,2024-02-20
2024-02-20 20:17:00-05:00,previous_day,val,4982.5,0,win,60,3.0,2,2024-02-20
2024-02-20 20:31:00-05:00,previous_day,val,4982.5,0,win,60,0.0,1,2024-02-20
2024-02-20 21:36:00-05:00,previous_day,val,4982.5,0,win,60,4.0,58,2024-02-20
2024-02-22 19:02:00-05:00,previous_day,poc,5097.5,0,win,60,8.0,6,2024-02-22
2024-02-22 20:21:00-05:00,previous_day,poc,5097.5,0,win,60,0.0,5,2024-02-22
2024-02-26 18:48:00-05:00,previous_day,poc,5080.0,1,win,60,6.0,13,2024-02-26
2024-02-27 18:34:00-05:00,previous_day,poc,5088.5,1,win,60,2.0,10,2024-02-27
2024-02-27 20:16:00-05:00,previous_day,poc,5088.5,1,win,60,1.0,6,2024-02-27
2024-02-27 20:32:00-05:00,previous_day,poc,5088.5,1,win,60,0.0,1,2024-02-27
2024-02-27 20:46:00-05:00,previous_day,poc,5088.5,1,win,60,0.0,2,2024-02-27
2024-02-27 20:56:00-05:00,previous_day,poc,5088.5,1,win,60,0.0,2,2024-02-27
2024-02-27 21:03:00-05:00,previous_day,poc,5088.5,1,win,60,0.0,1,2024-02-27
2024-02-27 21:20:00-05:00,previous_day,poc,5088.5,1,win,60,1.0,2,2024-02-27
2024-02-27 21:44:00-05:00,previous_day,poc,5088.5,1,win,60,2.0,5,2024-02-27
2024-02-28 18:35:00-05:00,previous_day,val,5072.5,1,win,60,2.0,12,2024-02-28
2024-02-28 19:09:00-05:00,previous_day,val,5072.5,1,win,60,0.0,1,2024-02-28
2024-02-28 19:16:00-05:00,previous_day,val,5072.5,1,win,60,2.0,5,2024-02-28
2024-02-29 18:32:00-05:00,previous_day,poc,5096.75,0,win,60,0.0,1,2024-02-29
2024-02-29 18:54:00-05:00,previous_day,poc,5096.75,0,win,60,0.0,2,2024-02-29
2024-02-29 19:12:00-05:00,previous_day,vah,5100.0,1,win,60,1.0,3,2024-02-29
2024-02-29 19:31:00-05:00,previous_day,vah,5100.0,1,win,60,0.0,1,2024-02-29
2024-02-29 19:38:00-05:00,previous_day,vah,5100.0,1,win,60,3.0,3,2024-02-29
2024-02-29 19:46:00-05:00,previous_day,vah,5100.0,1,win,60,0.0,1,2024-02-29
2024-03-05 19:10:00-05:00,previous_day,poc,5085.75,0,win,60,0.0,1,2024-03-05
2024-03-05 19:20:00-05:00,previous_day,poc,5085.75,0,win,60,0.0,1,2024-03-05
2024-03-05 19:44:00-05:00,previous_day,poc,5085.75,0,win,60,0.0,1,2024-03-05
2024-03-05 20:37:00-05:00,previous_day,poc,5085.75,0,win,60,7.0,2,2024-03-05
2024-03-05 20:44:00-05:00,previous_day,poc,5085.75,0,win,60,2.0,3,2024-03-05
2024-03-05 20:51:00-05:00,previous_day,poc,5085.75,0,win,60,0.0,1,2024-03-05
2024-03-06 18:30:00-05:00,previous_day,poc,5112.0,1,win,60,0.0,1,2024-03-06
2024-03-06 19:21:00-05:00,previous_day,val,5105.75,0,win,60,0.0,1,2024-03-06
2024-03-07 18:42:00-05:00,previous_day,poc,5159.75,0,win,60,0.0,1,2024-03-07
2024-03-07 18:49:00-05:00,previous_day,poc,5159.75,0,win,60,1.0,2,2024-03-07
2024-03-07 19:00:00-05:00,previous_day,poc,5159.75,0,win,60,0.0,1,2024-03-07
2024-03-07 19:17:00-05:00,previous_day,poc,5159.75,0,win,60,0.0,1,2024-03-07
2024-03-07 19:29:00-05:00,previous_day,poc,5159.75,0,win,60,0.0,1,2024-03-07
2024-03-07 19:35:00-05:00,previous_day,poc,5159.75,0,win,60,0.0,1,2024-03-07
2024-03-07 19:48:00-05:00,previous_day,vah,5161.75,0,win,60,0.0,1,2024-03-07
2024-03-07 19:57:00-05:00,previous_day,poc,5159.75,0,win,60,0.0,1,2024-03-07
2024-03-07 20:02:00-05:00,previous_day,poc,5159.75,0,win,60,0.0,1,2024-03-07
2024-03-07 20:31:00-05:00,previous_day,poc,5159.75,0,win,60,0.0,2,2024-03-07
2024-03-07 20:40:00-05:00,previous_day,poc,5159.75,0,win,60,0.0,1,2024-03-07
2024-03-07 20:46:00-05:00,previous_day,poc,5159.75,0,win,60,0.0,1,2024-03-07
2024-03-07 20:52:00-05:00,previous_day,poc,5159.75,0,win,60,0.0,2,2024-03-07
2024-03-07 21:01:00-05:00,previous_day,poc,5159.75,0,win,60,0.0,1,2024-03-07
2024-03-07 21:09:00-05:00,previous_day,poc,5159.75,0,win,60,0.0,1,2024-03-07
2024-03-07 21:14:00-05:00,previous_day,poc,5159.75,0,win,60,0.0,1,2024-03-07
2024-03-07 21:20:00-05:00,previous_day,poc,5159.75,0,win,60,0.0,1,2024-03-07
2024-03-07 21:28:00-05:00,previous_day,poc,5159.75,0,win,60,0.0,1,2024-03-07
2024-03-12 19:28:00-04:00,previous_day,vah,5244.0,0,loss,-16,16.0,1,2024-03-12
2024-03-12 20:40:00-04:00,previous_day,poc,5241.5,0,loss,-16,16.0,1,2024-03-12
2024-03-14 19:10:00-04:00,previous_day,poc,5213.5,0,loss,-16,16.0,1,2024-03-14
2024-03-18 18:45:00-04:00,previous_day,val,5210.5,0,loss,-16,16.0,18,2024-03-18
2024-03-18 20:00:00-04:00,previous_day,val,5210.5,0,win,60,14.0,12,2024-03-18
2024-03-25 20:17:00-04:00,previous_day,vah,5284.25,0,win,60,1.0,25,2024-03-25
2024-04-03 19:33:00-04:00,previous_day,vah,5280.0,0,win,60,0.0,1,2024-04-03
2024-04-04 20:36:00-04:00,previous_day,poc,5197.5,0,loss,-16,16.0,1,2024-04-04
2024-04-04 21:26:00-04:00,previous_day,poc,5197.5,0,win,60,8.0,36,2024-04-04
2024-04-08 20:04:00-04:00,previous_day,poc,5254.25,0,win,60,10.0,146,2024-04-08
2024-04-10 19:12:00-04:00,previous_day,val,5194.0,0,win,60,0.0,5,2024-04-10
2024-04-10 19:23:00-04:00,previous_day,val,5194.0,0,win,60,8.0,40,2024-04-10
2024-04-11 19:47:00-04:00,previous_day,vah,5243.0,1,win,60,0.0,1,2024-04-11
2024-04-11 20:01:00-04:00,previous_day,vah,5243.0,1,win,60,9.0,90,2024-04-11
2024-04-15 18:40:00-04:00,previous_day,poc,5103.25,0,win,60,0.0,9,2024-04-15
2024-04-15 19:01:00-04:00,previous_day,poc,5103.25,0,win,60,12.0,7,2024-04-15
2024-04-15 19:09:00-04:00,previous_day,poc,5103.25,0,win,60,0.0,4,2024-04-15
2024-04-15 19:17:00-04:00,previous_day,val,5095.0,0,win,60,0.0,3,2024-04-15
2024-04-15 19:38:00-04:00,previous_day,poc,5103.25,0,win,60,7.0,26,2024-04-15
2024-04-15 20:23:00-04:00,previous_day,poc,5103.25,0,win,60,0.0,17,2024-04-15
2024-04-15 20:51:00-04:00,previous_day,poc,5103.25,0,win,60,4.0,7,2024-04-15
2024-04-15 21:00:00-04:00,previous_day,poc,5103.25,0,win,60,0.0,1,2024-04-15
2024-04-16 19:34:00-04:00,previous_day,vah,5102.75,0,win,60,3.0,5,2024-04-16
2024-04-16 20:09:00-04:00,previous_day,vah,5102.75,0,win,60,14.0,5,2024-04-16
2024-04-18 18:48:00-04:00,previous_day,poc,5048.25,0,win,60,6.0,12,2024-04-18
2024-04-18 19:17:00-04:00,previous_day,val,5045.25,0,win,60,0.0,1,2024-04-18
2024-04-18 19:41:00-04:00,previous_day,val,5045.25,0,loss,-16,16.0,11,2024-04-18
2024-04-22 18:42:00-04:00,previous_day,poc,5048.5,0,win,60,6.0,30,2024-04-22
2024-05-06 19:00:00-04:00,previous_day,vah,5207.0,1,win,60,11.0,68,2024-05-06
2024-05-06 20:10:00-04:00,previous_day,vah,5207.0,1,win,60,11.0,41,2024-05-06
2024-05-07 21:57:00-04:00,previous_day,poc,5212.25,0,win,60,8.0,62,2024-05-07
2024-05-08 18:40:00-04:00,previous_day,poc,5211.75,1,win,60,3.0,16,2024-05-08
2024-05-08 22:00:00-04:00,previous_day,poc,5211.75,1,loss,-16,16.0,116,2024-05-08
2024-05-13 20:23:00-04:00,previous_day,poc,5245.75,0,loss,-16,16.0,51,2024-05-13
2024-05-13 21:40:00-04:00,previous_day,val,5241.75,0,win,60,1.0,92,2024-05-13
2024-05-14 21:44:00-04:00,previous_day,vah,5274.0,0,win,60,3.0,21,2024-05-14
2024-05-15 18:36:00-04:00,previous_day,poc,5333.5,0,win,60,4.0,4,2024-05-15
2024-05-15 18:56:00-04:00,previous_day,poc,5333.5,0,win,60,4.0,11,2024-05-15
2024-05-15 19:09:00-04:00,previous_day,vah,5336.5,0,win,60,0.0,1,2024-05-15
2024-05-15 19:18:00-04:00,previous_day,vah,5336.5,0,win,60,2.0,6,2024-05-15
2024-05-16 19:32:00-04:00,previous_day,poc,5320.0,1,win,60,1.0,12,2024-05-16
2024-05-16 20:04:00-04:00,previous_day,poc,5320.0,1,win,60,6.0,48,2024-05-16
2024-05-20 18:30:00-04:00,previous_day,val,5331.5,1,win,60,5.0,14,2024-05-20
2024-05-20 19:56:00-04:00,previous_day,val,5331.5,1,win,60,2.0,13,2024-05-20
2024-05-20 20:27:00-04:00,previous_day,val,5331.5,1,win,60,2.0,54,2024-05-20
2024-05-20 21:23:00-04:00,previous_day,poc,5333.25,1,win,60,12.0,31,2024-05-20
2024-05-20 21:56:00-04:00,previous_day,val,5331.5,1,win,60,3.0,12,2024-05-20
2024-05-21 18:40:00-04:00,previous_day,poc,5346.0,1,win,60,1.0,2,2024-05-21
2024-05-21 19:03:00-04:00,previous_day,poc,5346.0,1,win,60,0.0,5,2024-05-21
2024-05-21 19:10:00-04:00,previous_day,vah,5346.75,1,win,60,1.0,9,2024-05-21
2024-05-21 19:22:00-04:00,previous_day,vah,5346.75,1,win,60,0.0,2,2024-05-21
2024-05-21 19:59:00-04:00,previous_day,vah,5346.75,1,win,60,3.0,7,2024-05-21
2024-05-21 20:14:00-04:00,previous_day,poc,5346.0,1,win,60,1.0,13,2024-05-21
2024-05-21 20:37:00-04:00,previous_day,vah,5346.75,1,win,60,4.0,24,2024-05-21
2024-05-21 21:03:00-04:00,previous_day,poc,5346.0,1,win,60,2.0,26,2024-05-21
2024-05-21 21:36:00-04:00,previous_day,poc,5346.0,1,win,60,0.0,4,2024-05-21
2024-05-21 21:42:00-04:00,previous_day,vah,5346.75,1,win,60,2.0,14,2024-05-21
2024-05-22 19:16:00-04:00,previous_day,vah,5339.5,0,win,60,0.0,1,2024-05-22
2024-05-22 19:35:00-04:00,previous_day,vah,5339.5,0,win,60,0.0,5,2024-05-22
2024-05-22 20:41:00-04:00,previous_day,vah,5339.5,0,win,60,2.0,8,2024-05-22
2024-05-22 20:51:00-04:00,previous_day,vah,5339.5,0,win,60,0.0,2,2024-05-22
2024-05-22 21:01:00-04:00,previous_day,vah,5339.5,0,win,60,4.0,46,2024-05-22
2024-05-28 20:41:00-04:00,previous_day,val,5314.25,0,win,60,0.0,1,2024-05-28
2024-05-28 20:51:00-04:00,previous_day,val,5314.25,0,win,60,5.0,9,2024-05-28
2024-05-28 21:00:00-04:00,previous_day,val,5314.25,0,win,60,3.0,6,2024-05-28
2024-05-28 21:09:00-04:00,previous_day,val,5314.25,0,win,60,5.0,4,2024-05-28
2024-05-28 21:20:00-04:00,previous_day,val,5314.25,0,win,60,6.0,5,2024-05-28
2024-05-28 21:29:00-04:00,previous_day,val,5314.25,0,win,60,10.0,19,2024-05-28
2024-05-28 21:58:00-04:00,previous_day,val,5314.25,0,win,60,7.0,15,2024-05-28
2024-05-30 20:12:00-04:00,previous_day,val,5241.0,0,loss,-16,16.0,1,2024-05-30
2024-05-30 21:06:00-04:00,previous_day,val,5241.0,0,win,60,3.0,22,2024-05-30
2024-06-03 19:35:00-04:00,previous_day,poc,5299.5,0,win,60,0.0,3,2024-06-03
2024-06-03 21:14:00-04:00,previous_day,poc,5299.5,0,win,60,3.0,8,2024-06-03
2024-06-03 21:25:00-04:00,previous_day,poc,5299.5,0,win,60,2.0,3,2024-06-03
2024-06-03 21:31:00-04:00,previous_day,poc,5299.5,0,win,60,2.0,3,2024-06-03
2024-06-03 21:39:00-04:00,previous_day,poc,5299.5,0,win,60,0.0,2,2024-06-03
2024-06-04 21:23:00-04:00,previous_day,vah,5307.5,0,win,60,0.0,1,2024-06-04
2024-06-05 20:18:00-04:00,previous_day,vah,5366.5,1,win,60,0.0,1,2024-06-05
2024-06-05 20:33:00-04:00,previous_day,vah,5366.5,1,win,60,0.0,1,2024-06-05
2024-06-05 21:10:00-04:00,previous_day,vah,5366.5,1,win,60,1.0,4,2024-06-05
2024-06-06 20:05:00-04:00,previous_day,poc,5365.25,1,win,60,8.0,3,2024-06-06
2024-06-06 20:46:00-04:00,previous_day,poc,5365.25,1,win,60,0.0,1,2024-06-06
2024-06-06 20:54:00-04:00,previous_day,poc,5365.25,1,win,60,1.0,7,2024-06-06
2024-06-06 21:03:00-04:00,previous_day,poc,5365.25,1,win,60,1.0,8,2024-06-06
2024-06-06 21:13:00-04:00,previous_day,poc,5365.25,1,win,60,3.0,14,2024-06-06
2024-06-11 18:32:00-04:00,previous_day,vah,5384.0,1,win,60,0.0,1,2024-06-11
2024-06-11 18:49:00-04:00,previous_day,vah,5384.0,1,win,60,0.0,2,2024-06-11
2024-06-11 19:49:00-04:00,previous_day,vah,5384.0,1,win,60,0.0,2,2024-06-11
2024-06-11 20:22:00-04:00,previous_day,vah,5384.0,1,win,60,1.0,2,2024-06-11
2024-06-11 21:20:00-04:00,previous_day,vah,5384.0,1,win,60,0.0,1,2024-06-11
2024-06-13 18:30:00-04:00,previous_day,vah,5436.5,2,win,60,3.0,2,2024-06-13
2024-06-13 18:38:00-04:00,previous_day,vah,5436.5,2,win,60,0.0,2,2024-06-13
2024-06-13 18:51:00-04:00,previous_day,vah,5436.5,2,win,60,0.0,1,2024-06-13
2024-06-13 18:58:00-04:00,previous_day,vah,5436.5,2,win,60,0.0,1,2024-06-13
2024-06-13 19:15:00-04:00,previous_day,vah,5436.5,2,win,60,0.0,1,2024-06-13
2024-06-17 21:01:00-04:00,previous_day,poc,5547.25,0,loss,-16,16.0,1,2024-06-17
2024-06-18 21:53:00-04:00,previous_day,vah,5561.5,1,loss,-16,16.0,2,2024-06-18
2024-06-19 18:37:00-04:00,previous_day,val,5561.5,0,loss,-16,16.0,2,2024-06-19
2024-06-19 19:44:00-04:00,previous_day,poc,5562.75,0,loss,-16,16.0,1,2024-06-19
2024-06-20 18:32:00-04:00,previous_day,poc,5545.25,0,loss,-16,16.0,1,2024-06-20
2024-06-20 18:39:00-04:00,previous_day,poc,5545.25,0,loss,-16,16.0,2,2024-06-20
2024-06-24 21:17:00-04:00,previous_day,poc,5514.5,1,win,60,3.0,5,2024-06-24
2024-06-25 18:33:00-04:00,previous_day,poc,5535.25,0,win,60,4.0,3,2024-06-25
2024-06-25 19:06:00-04:00,previous_day,poc,5535.25,0,win,60,4.0,41,2024-06-25
2024-06-26 18:44:00-04:00,previous_day,val,5528.0,1,win,60,7.0,29,2024-06-26
2024-06-27 20:46:00-04:00,previous_day,vah,5553.75,0,win,60,9.0,53,2024-06-27
2024-07-03 18:34:00-04:00,previous_day,poc,5591.0,0,win,60,10.0,79,2024-07-03
2024-07-03 19:58:00-04:00,previous_day,poc,5591.0,0,win,60,12.0,162,2024-07-03
2024-07-04 19:39:00-04:00,previous_day,vah,5589.25,1,win,60,5.0,58,2024-07-04
2024-07-11 19:58:00-04:00,previous_day,poc,5636.0,0,win,60,0.0,6,2024-07-11
2024-07-17 20:35:00-04:00,previous_day,vah,5652.0,0,win,60,8.0,34,2024-07-17
2024-07-17 21:11:00-04:00,previous_day,vah,5652.0,0,win,60,4.0,4,2024-07-17
2024-07-17 21:27:00-04:00,previous_day,vah,5652.0,0,win,60,1.0,20,2024-07-17
2024-07-22 19:03:00-04:00,previous_day,poc,5609.5,0,win,60,9.0,32,2024-07-22
2024-07-29 18:41:00-04:00,previous_day,poc,5503.0,1,win,60,4.0,5,2024-07-29
2024-07-29 19:03:00-04:00,previous_day,poc,5503.0,1,loss,-16,16.0,4,2024-07-29
2024-08-06 20:41:00-04:00,previous_day,poc,5264.75,0,win,60,0.0,10,2024-08-06
2024-08-06 20:51:00-04:00,previous_day,poc,5264.75,0,loss,-16,16.0,5,2024-08-06
2024-08-06 21:05:00-04:00,previous_day,poc,5264.75,0,loss,-16,16.0,1,2024-08-06
2024-08-08 18:42:00-04:00,previous_day,poc,5348.25,0,win,60,0.0,1,2024-08-08
2024-08-08 18:50:00-04:00,previous_day,poc,5348.25,0,win,60,2.0,19,2024-08-08
2024-08-08 20:05:00-04:00,previous_day,poc,5348.25,0,win,60,0.0,5,2024-08-08
2024-08-08 20:14:00-04:00,previous_day,poc,5348.25,0,win,60,0.0,1,2024-08-08
2024-08-08 21:17:00-04:00,previous_day,poc,5348.25,0,loss,-16,16.0,2,2024-08-08
2024-08-08 21:34:00-04:00,previous_day,poc,5348.25,0,win,60,4.0,4,2024-08-08
2024-08-08 21:44:00-04:00,previous_day,poc,5348.25,0,win,60,3.0,7,2024-08-08
2024-08-08 21:59:00-04:00,previous_day,poc,5348.25,0,win,60,13.0,9,2024-08-08
2024-08-12 18:30:00-04:00,previous_day,poc,5371.75,0,win,60,11.0,17,2024-08-12
2024-08-12 19:20:00-04:00,previous_day,poc,5371.75,0,win,60,4.0,2,2024-08-12
2024-08-12 19:34:00-04:00,previous_day,poc,5371.75,0,win,60,4.0,3,2024-08-12
2024-08-12 19:54:00-04:00,previous_day,poc,5371.75,0,win,60,4.0,7,2024-08-12
2024-08-12 20:03:00-04:00,previous_day,poc,5371.75,0,win,60,3.0,4,2024-08-12
2024-08-12 20:48:00-04:00,previous_day,poc,5371.75,0,win,60,5.0,19,2024-08-12
2024-08-12 21:23:00-04:00,previous_day,poc,5371.75,0,win,60,4.0,18,2024-08-12
2024-08-13 19:59:00-04:00,previous_day,vah,5458.75,1,win,60,8.0,7,2024-08-13
2024-08-14 19:31:00-04:00,previous_day,vah,5476.5,0,win,60,0.0,1,2024-08-14
2024-08-14 19:46:00-04:00,previous_day,poc,5475.25,0,win,60,11.0,29,2024-08-14
2024-08-14 20:17:00-04:00,previous_day,vah,5476.5,0,win,60,0.0,5,2024-08-14
2024-08-15 18:33:00-04:00,previous_day,vah,5570.75,0,win,60,0.0,4,2024-08-15
2024-08-15 20:01:00-04:00,previous_day,vah,5570.75,0,win,60,5.0,10,2024-08-15
2024-08-15 20:15:00-04:00,previous_day,vah,5570.75,0,win,60,6.0,5,2024-08-15
2024-08-15 20:34:00-04:00,previous_day,vah,5570.75,0,loss,-16,16.0,1,2024-08-15
2024-08-15 20:43:00-04:00,previous_day,poc,5568.5,0,win,60,6.0,2,2024-08-15
2024-08-15 21:00:00-04:00,previous_day,vah,5570.75,0,win,60,10.0,10,2024-08-15
2024-08-19 18:31:00-04:00,previous_day,vah,5631.0,1,win,60,1.0,14,2024-08-19
2024-08-19 21:42:00-04:00,previous_day,vah,5631.0,1,win,60,2.0,6,2024-08-19
2024-08-20 18:39:00-04:00,previous_day,poc,5621.0,0,win,60,3.0,12,2024-08-20
2024-08-20 18:51:00-04:00,previous_day,poc,5621.0,0,win,60,10.0,4,2024-08-20
2024-08-20 19:38:00-04:00,previous_day,poc,5621.0,0,win,60,8.0,36,2024-08-20
2024-08-26 18:31:00-04:00,previous_day,val,5625.0,0,win,60,7.0,18,2024-08-26
2024-08-26 18:54:00-04:00,previous_day,val,5625.0,0,win,60,0.0,1,2024-08-26
2024-08-27 19:26:00-04:00,previous_day,val,5632.5,0,win,60,6.0,3,2024-08-27
2024-08-29 20:07:00-04:00,previous_day,poc,5610.25,0,win,60,0.0,1,2024-08-29
2024-08-29 20:19:00-04:00,previous_day,poc,5610.25,0,win,60,2.0,10,2024-08-29
2024-09-02 18:45:00-04:00,previous_day,val,5659.25,2,win,60,0.0,1,2024-09-02
2024-09-02 19:01:00-04:00,previous_day,val,5659.25,2,win,60,0.0,1,2024-09-02
2024-09-02 21:25:00-04:00,previous_day,val,5659.25,2,win,60,5.0,10,2024-09-02
2024-09-02 21:37:00-04:00,previous_day,val,5659.25,2,win,60,1.0,3,2024-09-02
2024-09-02 21:55:00-04:00,previous_day,val,5659.25,2,win,60,8.0,7,2024-09-02
2024-09-03 20:38:00-04:00,previous_day,val,5522.0,0,win,60,0.0,1,2024-09-03
2024-09-03 20:43:00-04:00,previous_day,val,5522.0,0,loss,-16,16.0,1,2024-09-03
2024-09-03 20:51:00-04:00,previous_day,vah,5584.5,0,loss,-16,16.0,1,2024-09-03
2024-09-04 19:09:00-04:00,previous_day,poc,5528.0,0,win,60,2.0,2,2024-09-04
2024-09-04 19:42:00-04:00,previous_day,val,5516.75,0,win,60,0.0,1,2024-09-04
2024-09-05 19:19:00-04:00,previous_day,val,5505.5,0,win,60,0.0,1,2024-09-05
2024-09-05 20:13:00-04:00,previous_day,val,5505.5,0,win,60,0.0,1,2024-09-05
2024-09-05 20:20:00-04:00,previous_day,val,5505.5,0,win,60,0.0,1,2024-09-05
2024-09-05 20:31:00-04:00,previous_day,val,5505.5,0,win,60,10.0,2,2024-09-05
2024-09-05 21:02:00-04:00,previous_day,vah,5551.5,0,loss,-16,16.0,1,2024-09-05
2024-09-05 21:47:00-04:00,previous_day,val,5505.5,0,win,60,0.0,1,2024-09-05
2024-09-05 21:55:00-04:00,previous_day,val,5505.5,0,win,60,0.0,1,2024-09-05
2024-09-05 22:00:00-04:00,previous_day,val,5505.5,0,win,60,0.0,1,2024-09-05
2024-09-09 20:11:00-04:00,previous_day,vah,5480.5,1,win,60,14.0,2,2024-09-09
2024-09-09 20:42:00-04:00,previous_day,vah,5480.5,1,win,60,0.0,1,2024-09-09
2024-09-09 20:48:00-04:00,previous_day,vah,5480.5,1,win,60,0.0,1,2024-09-09
2024-09-09 21:01:00-04:00,previous_day,vah,5480.5,1,win,60,0.0,1,2024-09-09
2024-09-09 21:18:00-04:00,previous_day,vah,5480.5,1,win,60,1.0,2,2024-09-09
2024-09-09 21:30:00-04:00,previous_day,vah,5480.5,1,win,60,0.0,1,2024-09-09
2024-09-09 21:35:00-04:00,previous_day,vah,5480.5,1,win,60,0.0,1,2024-09-09
2024-09-09 21:42:00-04:00,previous_day,vah,5480.5,1,win,60,0.0,1,2024-09-09
2024-09-09 21:48:00-04:00,previous_day,vah,5480.5,1,win,60,0.0,1,2024-09-09
2024-09-09 21:49:00-04:00,previous_day,poc,5479.5,1,win,60,0.0,1,2024-09-09
2024-09-09 21:54:00-04:00,previous_day,vah,5480.5,1,win,60,1.0,3,2024-09-09
2024-09-11 18:32:00-04:00,previous_day,poc,5556.75,0,win,60,1.0,2,2024-09-11
2024-09-11 18:39:00-04:00,previous_day,poc,5556.75,0,win,60,0.0,3,2024-09-11
2024-09-11 19:06:00-04:00,previous_day,poc,5556.75,0,win,60,0.0,1,2024-09-11
2024-09-11 19:13:00-04:00,previous_day,poc,5556.75,0,win,60,2.0,4,2024-09-11
2024-09-11 19:27:00-04:00,previous_day,poc,5556.75,0,win,60,0.0,1,2024-09-11
2024-09-11 19:34:00-04:00,previous_day,poc,5556.75,0,win,60,3.0,3,2024-09-11
2024-09-11 20:08:00-04:00,previous_day,poc,5556.75,0,win,60,0.0,1,2024-09-11
2024-09-11 20:54:00-04:00,previous_day,poc,5556.75,0,win,60,3.0,2,2024-09-11
2024-09-11 21:00:00-04:00,previous_day,poc,5556.75,0,win,60,5.0,2,2024-09-11
2024-09-11 21:08:00-04:00,previous_day,poc,5556.75,0,win,60,0.0,1,2024-09-11
2024-09-11 21:13:00-04:00,previous_day,poc,5556.75,0,win,60,5.0,2,2024-09-11
2024-09-12 18:47:00-04:00,previous_day,poc,5603.5,0,win,60,0.0,1,2024-09-12
2024-09-12 18:52:00-04:00,previous_day,poc,5603.5,0,win,60,2.0,2,2024-09-12
2024-09-12 18:58:00-04:00,previous_day,poc,5603.5,0,win,60,4.0,2,2024-09-12
2024-09-12 19:06:00-04:00,previous_day,vah,5606.25,0,win,60,0.0,1,2024-09-12
2024-09-12 19:12:00-04:00,previous_day,vah,5606.25,0,win,60,0.0,1,2024-09-12
2024-09-12 19:51:00-04:00,previous_day,vah,5606.25,0,win,60,0.0,2,2024-09-12
2024-09-12 20:00:00-04:00,previous_day,vah,5606.25,0,win,60,0.0,1,2024-09-12
2024-09-12 20:08:00-04:00,previous_day,vah,5606.25,0,win,60,1.0,2,2024-09-12
2024-09-12 20:18:00-04:00,previous_day,vah,5606.25,0,win,60,0.0,1,2024-09-12
2024-09-12 20:23:00-04:00,previous_day,vah,5606.25,0,win,60,0.0,1,2024-09-12
2024-09-12 20:28:00-04:00,previous_day,vah,5606.25,0,win,60,1.0,2,2024-09-12
2024-09-12 20:56:00-04:00,previous_day,vah,5606.25,0,win,60,0.0,1,2024-09-12
2024-09-12 21:01:00-04:00,previous_day,vah,5606.25,0,win,60,4.0,2,2024-09-12
2024-09-12 21:14:00-04:00,previous_day,poc,5603.5,0,win,60,0.0,1,2024-09-12
2024-09-12 21:20:00-04:00,previous_day,poc,5603.5,0,win,60,0.0,1,2024-09-12
2024-09-12 21:36:00-04:00,previous_day,poc,5603.5,0,win,60,0.0,1,2024-09-12
2024-09-12 21:43:00-04:00,previous_day,poc,5603.5,0,win,60,0.0,1,2024-09-12
2024-09-12 21:48:00-04:00,previous_day,poc,5603.5,0,win,60,0.0,1,2024-09-12
2024-09-12 21:58:00-04:00,previous_day,poc,5603.5,0,win,60,0.0,1,2024-09-12
2024-09-16 19:13:00-04:00,previous_day,val,5634.25,0,win,60,0.0,1,2024-09-16
2024-09-16 20:00:00-04:00,previous_day,val,5634.25,0,win,60,0.0,1,2024-09-16
2024-09-16 20:12:00-04:00,previous_day,val,5634.25,0,win,60,0.0,1,2024-09-16
2024-09-16 20:17:00-04:00,previous_day,val,5634.25,0,win,60,0.0,1,2024-09-16
2024-09-16 20:23:00-04:00,previous_day,val,5634.25,0,win,60,0.0,1,2024-09-16
2024-09-17 18:39:00-04:00,previous_day,poc,5702.0,0,loss,-16,16.0,1,2024-09-17
2024-09-17 18:56:00-04:00,previous_day,poc,5702.0,0,loss,-16,16.0,1,2024-09-17
2024-09-18 20:00:00-04:00,previous_day,vah,5722.5,0,loss,-16,16.0,1,2024-09-18
2024-09-18 20:05:00-04:00,previous_day,vah,5722.5,0,loss,-16,16.0,1,2024-09-18
2024-09-19 20:13:00-04:00,previous_day,val,5766.25,0,loss,-16,16.0,1,2024-09-19
2024-09-19 20:20:00-04:00,previous_day,val,5766.25,0,loss,-16,16.0,2,2024-09-19
2024-09-23 20:37:00-04:00,previous_day,val,5768.25,0,win,60,0.0,44,2024-09-23
2024-09-23 21:49:00-04:00,previous_day,val,5768.25,0,win,60,0.0,1,2024-09-23
2024-09-23 22:00:00-04:00,previous_day,val,5768.25,0,win,60,4.0,7,2024-09-23
2024-09-24 19:33:00-04:00,previous_day,vah,5793.0,2,win,60,0.0,1,2024-09-24
2024-09-24 19:42:00-04:00,previous_day,vah,5793.0,2,loss,-16,16.0,30,2024-09-24
2024-09-25 20:05:00-04:00,previous_day,vah,5790.75,1,win,60,0.0,1,2024-09-25
2024-09-26 19:04:00-04:00,previous_day,vah,5806.0,0,loss,-16,16.0,58,2024-09-26
2024-09-26 20:35:00-04:00,previous_day,vah,5806.0,0,loss,-16,16.0,2,2024-09-26
2024-09-30 21:28:00-04:00,previous_day,poc,5816.0,0,win,60,0.0,10,2024-09-30
2024-10-01 18:30:00-04:00,previous_day,val,5750.5,0,win,60,0.0,2,2024-10-01
2024-10-01 18:43:00-04:00,previous_day,val,5750.5,0,loss,-16,16.0,1,2024-10-01
2024-10-01 19:11:00-04:00,previous_day,val,5750.5,0,win,60,1.0,6,2024-10-01
2024-10-01 19:53:00-04:00,previous_day,val,5750.5,0,win,60,4.0,58,2024-10-01
2024-10-01 21:37:00-04:00,previous_day,poc,5760.5,0,win,60,9.0,14,2024-10-01
2024-10-01 21:53:00-04:00,previous_day,poc,5760.5,0,win,60,0.0,1,2024-10-01
2024-10-02 20:05:00-04:00,previous_day,poc,5760.75,0,win,60,0.0,1,2024-10-02
2024-10-02 20:15:00-04:00,previous_day,poc,5760.75,0,win,60,0.0,1,2024-10-02
2024-10-02 21:06:00-04:00,previous_day,poc,5760.75,0,win,60,4.0,3,2024-10-02
2024-10-02 21:35:00-04:00,previous_day,val,5752.5,0,win,60,0.0,6,2024-10-02
2024-10-02 21:46:00-04:00,previous_day,val,5752.5,0,win,60,2.0,27,2024-10-02
2024-10-03 18:59:00-04:00,previous_day,poc,5749.0,0,win,60,0.0,1,2024-10-03
2024-10-03 19:08:00-04:00,previous_day,poc,5749.0,0,win,60,13.0,14,2024-10-03
2024-10-03 19:46:00-04:00,previous_day,poc,5749.0,0,win,60,6.0,7,2024-10-03
2024-10-03 19:55:00-04:00,previous_day,poc,5749.0,0,win,60,13.0,17,2024-10-03
2024-10-03 21:33:00-04:00,previous_day,poc,5749.0,0,win,60,4.0,13,2024-10-03
2024-10-07 18:33:00-04:00,previous_day,poc,5747.0,0,win,60,0.0,1,2024-10-07
2024-10-07 18:56:00-04:00,previous_day,val,5736.5,0,win,60,3.0,14,2024-10-07
2024-10-07 19:10:00-04:00,previous_day,poc,5747.0,0,win,60,15.0,9,2024-10-07
2024-10-07 19:53:00-04:00,previous_day,poc,5747.0,0,win,60,11.0,15,2024-10-07
2024-10-07 21:15:00-04:00,previous_day,poc,5747.0,0,win,60,0.0,1,2024-10-07
2024-10-07 21:54:00-04:00,previous_day,poc,5747.0,0,win,60,12.0,3,2024-10-07
2024-10-09 19:20:00-04:00,previous_day,poc,5839.75,0,win,60,14.0,21,2024-10-09
2024-10-09 19:45:00-04:00,previous_day,poc,5839.75,0,win,60,13.0,53,2024-10-09
2024-10-09 20:56:00-04:00,previous_day,poc,5839.75,0,win,60,6.0,73,2024-10-09
2024-10-10 21:51:00-04:00,previous_day,vah,5832.75,1,win,60,6.0,103,2024-10-10
2024-10-14 20:46:00-04:00,previous_day,poc,5909.25,0,win,60,11.0,66,2024-10-14
2024-10-15 19:08:00-04:00,previous_day,poc,5863.0,0,win,60,1.0,10,2024-10-15
2024-10-15 19:54:00-04:00,previous_day,poc,5863.0,0,win,60,6.0,22,2024-10-15
2024-10-15 20:34:00-04:00,previous_day,poc,5863.0,0,win,60,9.0,74,2024-10-15
2024-10-17 20:17:00-04:00,previous_day,poc,5886.25,0,win,60,6.0,4,2024-10-17
2024-10-17 20:53:00-04:00,previous_day,val,5885.0,0,win,60,7.0,13,2024-10-17
2024-10-17 21:32:00-04:00,previous_day,val,5885.0,0,win,60,9.0,8,2024-10-17
2024-10-17 21:42:00-04:00,previous_day,poc,5886.25,0,win,60,5.0,30,2024-10-17
2024-10-21 18:41:00-04:00,previous_day,poc,5897.0,0,win,60,3.0,2,2024-10-21
2024-10-21 19:07:00-04:00,previous_day,poc,5897.0,0,win,60,5.0,30,2024-10-21
2024-10-24 19:09:00-04:00,previous_day,poc,5849.0,0,win,60,8.0,45,2024-10-24
2024-10-24 20:08:00-04:00,previous_day,poc,5849.0,0,win,60,1.0,71,2024-10-24
2024-10-29 19:07:00-04:00,previous_day,vah,5882.5,0,win,60,4.0,12,2024-10-29
2024-11-04 18:30:00-05:00,previous_day,poc,5744.25,0,win,60,0.0,5,2024-11-04
2024-11-04 18:45:00-05:00,previous_day,poc,5744.25,0,win,60,13.0,17,2024-11-04
2024-11-04 20:47:00-05:00,previous_day,poc,5744.25,0,win,60,0.0,4,2024-11-04
2024-11-04 21:12:00-05:00,previous_day,poc,5744.25,0,win,60,0.0,1,2024-11-04
2024-11-06 18:42:00-05:00,previous_day,poc,5957.5,0,win,60,7.0,2,2024-11-06
2024-11-06 18:50:00-05:00,previous_day,poc,5957.5,0,win,60,5.0,12,2024-11-06
2024-11-06 19:22:00-05:00,previous_day,poc,5957.5,0,win,60,7.0,2,2024-11-06
2024-11-06 20:33:00-05:00,previous_day,poc,5957.5,0,win,60,0.0,1,2024-11-06
2024-11-06 20:44:00-05:00,previous_day,poc,5957.5,0,win,60,0.0,6,2024-11-06
2024-11-06 21:13:00-05:00,previous_day,poc,5957.5,0,win,60,1.0,5,2024-11-06
2024-11-06 21:47:00-05:00,previous_day,poc,5957.5,0,win,60,1.0,24,2024-11-06
2024-11-07 20:03:00-05:00,previous_day,poc,6002.5,0,win,60,0.0,15,2024-11-07
2024-11-07 21:38:00-05:00,previous_day,poc,6002.5,0,win,60,0.0,6,2024-11-07
2024-11-07 21:50:00-05:00,previous_day,poc,6002.5,0,win,60,0.0,1,2024-11-07
2024-11-13 19:14:00-05:00,previous_day,poc,6015.75,0,win,60,8.0,10,2024-11-13
2024-11-13 20:00:00-05:00,previous_day,poc,6015.75,0,win,60,9.0,4,2024-11-13
2024-11-13 20:53:00-05:00,previous_day,poc,6015.75,0,win,60,11.0,6,2024-11-13
2024-11-18 19:31:00-05:00,previous_day,poc,5920.25,0,win,60,7.0,2,2024-11-18
2024-11-18 20:59:00-05:00,previous_day,poc,5920.25,0,win,60,6.0,10,2024-11-18
2024-11-18 21:21:00-05:00,previous_day,poc,5920.25,0,win,60,2.0,10,2024-11-18
2024-11-19 20:34:00-05:00,previous_day,vah,5947.0,0,win,60,0.0,2,2024-11-19
2024-11-19 20:47:00-05:00,previous_day,vah,5947.0,0,win,60,9.0,9,2024-11-19
2024-11-19 21:30:00-05:00,previous_day,vah,5947.0,0,win,60,3.0,7,2024-11-19
2024-11-20 18:31:00-05:00,previous_day,poc,5939.25,0,win,60,0.0,1,2024-11-20
2024-11-20 18:34:00-05:00,previous_day,vah,5940.5,0,win,60,7.0,6,2024-11-20
2024-11-20 18:43:00-05:00,previous_day,vah,5940.5,0,win,60,2.0,3,2024-11-20
2024-11-20 18:59:00-05:00,previous_day,vah,5940.5,0,loss,-16,16.0,4,2024-11-20
2024-11-21 20:26:00-05:00,previous_day,poc,5970.0,0,win,60,7.0,11,2024-11-21
2024-11-21 20:40:00-05:00,previous_day,poc,5970.0,0,win,60,6.0,4,2024-11-21
2024-11-21 20:56:00-05:00,previous_day,poc,5970.0,0,win,60,10.0,8,2024-11-21
2024-11-21 21:42:00-05:00,previous_day,poc,5970.0,0,win,60,1.0,3,2024-11-21
2024-11-25 18:42:00-05:00,previous_day,poc,6005.5,0,win,60,0.0,1,2024-11-25
2024-11-25 18:47:00-05:00,previous_day,val,5998.75,0,win,60,0.0,1,2024-11-25
2024-11-25 21:02:00-05:00,previous_day,val,5998.75,0,win,60,0.0,1,2024-11-25
2024-11-25 21:32:00-05:00,previous_day,val,5998.75,0,win,60,1.0,2,2024-11-25
2024-11-26 19:47:00-05:00,previous_day,poc,6037.0,0,win,60,0.0,6,2024-11-26
2024-11-26 21:03:00-05:00,previous_day,vah,6042.0,0,win,60,2.0,14,2024-11-26
2024-11-28 18:30:00-05:00,previous_day,poc,6028.5,1,win,60,2.0,11,2024-11-28
2024-11-28 18:47:00-05:00,previous_day,poc,6028.5,1,win,60,0.0,1,2024-11-28
2024-11-28 19:02:00-05:00,previous_day,poc,6028.5,1,win,60,1.0,2,2024-11-28
2024-11-28 19:18:00-05:00,previous_day,val,6027.75,1,win,60,8.0,12,2024-11-28
2024-11-28 21:05:00-05:00,previous_day,vah,6031.0,0,win,60,0.0,1,2024-11-28
2024-11-28 21:15:00-05:00,previous_day,vah,6031.0,0,win,60,0.0,1,2024-11-28
2024-12-02 18:30:00-05:00,previous_day,vah,6064.75,0,win,60,5.0,9,2024-12-02
2024-12-02 19:36:00-05:00,previous_day,poc,6062.0,0,win,60,0.0,2,2024-12-02
2024-12-02 19:49:00-05:00,previous_day,poc,6062.0,0,win,60,5.0,12,2024-12-02
2024-12-02 20:15:00-05:00,previous_day,poc,6062.0,0,win,60,2.0,9,2024-12-02
2024-12-02 20:30:00-05:00,previous_day,poc,6062.0,0,win,60,2.0,16,2024-12-02
2024-12-02 20:53:00-05:00,previous_day,poc,6062.0,0,win,60,6.0,17,2024-12-02
2024-12-02 21:38:00-05:00,previous_day,poc,6062.0,0,win,60,1.0,3,2024-12-02
2024-12-02 21:53:00-05:00,previous_day,poc,6062.0,0,win,60,2.0,14,2024-12-02
2024-12-03 19:32:00-05:00,previous_day,vah,6065.25,1,win,60,0.0,1,2024-12-03
2024-12-03 19:40:00-05:00,previous_day,vah,6065.25,1,win,60,0.0,2,2024-12-03
2024-12-03 19:46:00-05:00,previous_day,vah,6065.25,1,win,60,0.0,1,2024-12-03
2024-12-05 21:45:00-05:00,previous_day,val,6086.5,0,win,60,4.0,2,2024-12-05
2024-12-09 18:38:00-05:00,previous_day,val,6061.0,0,win,60,3.0,7,2024-12-09
2024-12-09 19:01:00-05:00,previous_day,val,6061.0,0,win,60,1.0,6,2024-12-09
2024-12-09 19:09:00-05:00,previous_day,val,6061.0,0,win,60,0.0,2,2024-12-09
2024-12-09 19:17:00-05:00,previous_day,val,6061.0,0,win,60,0.0,1,2024-12-09
2024-12-09 19:24:00-05:00,previous_day,val,6061.0,0,win,60,0.0,1,2024-12-09
2024-12-09 19:44:00-05:00,previous_day,val,6061.0,0,win,60,0.0,3,2024-12-09
2024-12-09 20:23:00-05:00,previous_day,val,6061.0,0,win,60,1.0,2,2024-12-09
2024-12-09 21:00:00-05:00,previous_day,val,6061.0,0,win,60,0.0,1,2024-12-09
2024-12-09 21:06:00-05:00,previous_day,val,6061.0,0,win,60,1.0,3,2024-12-09
2024-12-09 21:16:00-05:00,previous_day,val,6061.0,0,win,60,0.0,1,2024-12-09
2024-12-09 21:23:00-05:00,previous_day,val,6061.0,0,win,60,0.0,1,2024-12-09
2024-12-09 21:37:00-05:00,previous_day,val,6061.0,0,win,60,1.0,2,2024-12-09
2024-12-09 21:46:00-05:00,previous_day,val,6061.0,0,win,60,0.0,2,2024-12-09
2024-12-17 21:12:00-05:00,previous_day,vah,6133.75,0,loss,-16,16.0,1,2024-12-17
2024-12-19 18:41:00-05:00,previous_day,poc,5934.25,1,loss,-16,16.0,1,2024-12-19
2024-12-19 18:55:00-05:00,previous_day,poc,5934.25,1,loss,-16,16.0,1,2024-12-19
2024-12-23 18:34:00-05:00,previous_day,vah,6037.5,1,win,60,14.0,24,2024-12-23
2024-12-26 19:03:00-05:00,previous_day,poc,6094.75,0,loss,-16,16.0,12,2024-12-26
2024-12-26 19:20:00-05:00,previous_day,val,6083.75,0,win,60,0.0,1,2024-12-26
2024-12-26 20:09:00-05:00,previous_day,val,6083.75,0,win,60,0.0,14,2024-12-26
2024-12-30 20:54:00-05:00,previous_day,poc,5958.0,0,win,60,2.0,2,2024-12-30
2024-12-30 21:59:00-05:00,previous_day,poc,5958.0,0,win,60,0.0,3,2024-12-30
2025-01-06 19:55:00-05:00,previous_day,poc,6022.5,1,win,60,8.0,23,2025-01-06
2025-01-06 21:38:00-05:00,previous_day,poc,6022.5,1,win,60,7.0,6,2025-01-06
2025-01-07 18:39:00-05:00,previous_day,poc,5955.0,0,win,60,5.0,7,2025-01-07
2025-01-08 19:38:00-05:00,previous_day,val,5940.75,0,win,60,0.0,1,2025-01-08
2025-01-15 21:22:00-05:00,previous_day,vah,5989.5,1,win,60,0.0,1,2025-01-15
2025-01-16 19:04:00-05:00,previous_day,val,5974.0,0,win,60,8.0,59,2025-01-16
2025-01-20 18:35:00-05:00,previous_day,vah,6063.75,0,win,60,2.0,2,2025-01-20
2025-01-20 19:20:00-05:00,previous_day,vah,6063.75,0,win,60,9.0,10,2025-01-20
2025-01-20 19:32:00-05:00,previous_day,vah,6063.75,0,loss,-16,16.0,10,2025-01-20
2025-01-20 19:49:00-05:00,previous_day,poc,6059.25,0,loss,-16,16.0,1,2025-01-20
2025-01-22 20:56:00-05:00,previous_day,val,6113.0,0,win,60,13.0,33,2025-01-22
2025-01-23 21:17:00-05:00,previous_day,vah,6153.5,1,win,60,0.0,2,2025-01-23
2025-01-23 21:23:00-05:00,previous_day,vah,6153.5,1,win,60,6.0,7,2025-01-23
2025-01-23 21:31:00-05:00,previous_day,vah,6153.5,1,win,60,1.0,3,2025-01-23
2025-01-23 21:48:00-05:00,previous_day,vah,6153.5,1,win,60,0.0,12,2025-01-23
2025-01-27 18:43:00-05:00,previous_day,vah,6047.0,1,win,60,7.0,7,2025-01-27
2025-01-27 19:15:00-05:00,previous_day,vah,6047.0,1,loss,-16,16.0,15,2025-01-27
2025-01-27 19:52:00-05:00,previous_day,poc,6046.75,1,win,60,0.0,1,2025-01-27
2025-01-27 20:47:00-05:00,previous_day,vah,6047.0,1,win,60,7.0,3,2025-01-27
2025-01-27 20:58:00-05:00,previous_day,vah,6047.0,1,loss,-16,16.0,1,2025-01-27
2025-01-29 18:42:00-05:00,previous_day,val,6066.75,0,win,60,4.0,10,2025-01-29
2025-01-29 18:52:00-05:00,previous_day,poc,6068.25,0,win,60,0.0,2,2025-01-29
2025-01-29 19:00:00-05:00,previous_day,poc,6068.25,0,win,60,6.0,17,2025-01-29
2025-01-29 20:36:00-05:00,previous_day,vah,6089.5,0,win,60,0.0,3,2025-01-29
2025-01-29 20:52:00-05:00,previous_day,vah,6089.5,0,win,60,1.0,6,2025-01-29
2025-01-29 21:51:00-05:00,previous_day,vah,6089.5,0,win,60,1.0,48,2025-01-29
2025-01-30 20:27:00-05:00,previous_day,vah,6111.0,0,loss,-16,16.0,1,2025-01-30
2025-02-04 19:42:00-05:00,previous_day,val,6050.5,0,win,60,10.0,42,2025-02-04
2025-02-06 20:39:00-05:00,previous_day,vah,6107.0,2,win,60,0.0,1,2025-02-06
2025-02-06 20:49:00-05:00,previous_day,vah,6107.0,2,win,60,1.0,8,2025-02-06
2025-02-06 21:03:00-05:00,previous_day,vah,6107.0,2,win,60,10.0,24,2025-02-06
2025-02-11 18:30:00-05:00,previous_day,poc,6092.5,1,win,60,0.0,1,2025-02-11
2025-02-11 19:00:00-05:00,previous_day,poc,6092.5,1,win,60,5.0,33,2025-02-11
2025-02-11 19:50:00-05:00,previous_day,vah,6096.5,0,loss,-16,16.0,9,2025-02-11
2025-02-11 20:10:00-05:00,previous_day,poc,6092.5,1,win,60,2.0,8,2025-02-11
2025-02-11 20:20:00-05:00,previous_day,poc,6092.5,1,win,60,8.0,5,2025-02-11
2025-02-11 21:56:00-05:00,previous_day,poc,6092.5,1,win,60,9.0,25,2025-02-11
2025-02-13 18:31:00-05:00,previous_day,vah,6135.25,1,win,60,6.0,2,2025-02-13
2025-02-13 19:24:00-05:00,previous_day,vah,6135.25,1,win,60,3.0,48,2025-02-13
2025-02-13 20:17:00-05:00,previous_day,vah,6135.25,1,win,60,0.0,1,2025-02-13
2025-02-17 18:36:00-05:00,previous_day,poc,6138.0,1,win,60,4.0,22,2025-02-17
2025-02-17 21:37:00-05:00,previous_day,vah,6144.75,1,win,60,0.0,1,2025-02-17
2025-02-17 21:55:00-05:00,previous_day,vah,6144.75,1,win,60,1.0,2,2025-02-17
2025-02-18 18:41:00-05:00,previous_day,vah,6148.0,1,win,60,3.0,5,2025-02-18
2025-02-20 18:57:00-05:00,previous_day,poc,6137.25,0,win,60,6.0,13,2025-02-20
2025-02-20 19:21:00-05:00,previous_day,poc,6137.25,0,win,60,0.0,1,2025-02-20
2025-02-20 20:04:00-05:00,previous_day,poc,6137.25,0,win,60,14.0,14,2025-02-20
2025-02-24 18:34:00-05:00,previous_day,poc,6002.25,0,win,60,0.0,4,2025-02-24
2025-02-24 18:45:00-05:00,previous_day,poc,6002.25,0,win,60,6.0,3,2025-02-24
2025-02-24 18:53:00-05:00,previous_day,val,5996.25,0,win,60,4.0,3,2025-02-24
2025-02-26 19:17:00-05:00,previous_day,poc,5972.0,0,win,60,1.0,3,2025-02-26
2025-02-26 19:23:00-05:00,previous_day,poc,5972.0,0,win,60,15.0,3,2025-02-26
2025-02-26 20:30:00-05:00,previous_day,poc,5972.0,0,win,60,7.0,12,2025-02-26
2025-02-26 20:44:00-05:00,previous_day,poc,5972.0,0,win,60,0.0,1,2025-02-26
2025-02-26 20:51:00-05:00,previous_day,poc,5972.0,0,win,60,8.0,12,2025-02-26
2025-02-26 21:03:00-05:00,previous_day,poc,5972.0,0,win,60,14.0,4,2025-02-26
2025-02-27 19:45:00-05:00,previous_day,poc,5877.5,0,win,60,0.0,1,2025-02-27
2025-02-27 19:53:00-05:00,previous_day,poc,5877.5,0,win,60,0.0,1,2025-02-27
2025-02-27 19:59:00-05:00,previous_day,val,5876.0,0,win,60,0.0,1,2025-02-27
2025-02-27 20:30:00-05:00,previous_day,poc,5877.5,0,loss,-16,16.0,1,2025-02-27
2025-02-27 20:37:00-05:00,previous_day,val,5876.0,0,win,60,0.0,1,2025-02-27
2025-02-27 20:39:00-05:00,previous_day,poc,5877.5,0,win,60,0.0,1,2025-02-27
2025-02-27 20:59:00-05:00,previous_day,poc,5877.5,0,win,60,11.0,2,2025-02-27
2025-02-27 21:09:00-05:00,previous_day,poc,5877.5,0,win,60,0.0,3,2025-02-27
2025-02-27 21:15:00-05:00,previous_day,poc,5877.5,0,win,60,6.0,2,2025-02-27
2025-02-27 21:25:00-05:00,previous_day,poc,5877.5,0,win,60,0.0,2,2025-02-27
2025-02-27 21:37:00-05:00,previous_day,poc,5877.5,0,win,60,0.0,1,2025-02-27
2025-03-03 19:48:00-05:00,previous_day,poc,5862.75,0,win,60,0.0,1,2025-03-03
2025-03-03 20:33:00-05:00,previous_day,poc,5862.75,0,win,60,10.0,2,2025-03-03
2025-03-03 20:40:00-05:00,previous_day,poc,5862.75,0,win,60,0.0,1,2025-03-03
2025-03-03 20:59:00-05:00,previous_day,poc,5862.75,0,win,60,0.0,1,2025-03-03
2025-03-03 21:05:00-05:00,previous_day,poc,5862.75,0,win,60,11.0,4,2025-03-03
2025-03-04 20:31:00-05:00,previous_day,vah,5810.75,0,win,60,0.0,1,2025-03-04
2025-03-04 21:15:00-05:00,previous_day,vah,5810.75,0,win,60,0.0,1,2025-03-04
2025-03-04 21:31:00-05:00,previous_day,vah,5810.75,0,win,60,0.0,1,2025-03-04
2025-03-04 21:36:00-05:00,previous_day,vah,5810.75,0,win,60,3.0,3,2025-03-04
2025-03-04 22:00:00-05:00,previous_day,vah,5810.75,0,win,60,0.0,1,2025-03-04
2025-03-10 18:40:00-04:00,previous_day,poc,5623.5,0,win,60,0.0,1,2025-03-10
2025-03-10 18:54:00-04:00,previous_day,vah,5666.25,0,loss,-16,16.0,1,2025-03-10
2025-03-10 20:50:00-04:00,previous_day,val,5575.25,0,win,60,0.0,1,2025-03-10
2025-03-10 20:58:00-04:00,previous_day,val,5575.25,0,win,60,0.0,1,2025-03-10
2025-03-10 20:59:00-04:00,previous_day,poc,5623.5,0,loss,-16,16.0,2,2025-03-10
2025-03-12 19:03:00-04:00,previous_day,vah,5615.75,0,win,60,0.0,1,2025-03-12
2025-03-12 19:08:00-04:00,previous_day,vah,5615.75,0,win,60,0.0,1,2025-03-12
2025-03-12 19:32:00-04:00,previous_day,vah,5615.75,0,win,60,0.0,1,2025-03-12
2025-03-12 19:37:00-04:00,previous_day,vah,5615.75,0,win,60,0.0,1,2025-03-12
2025-03-12 19:42:00-04:00,previous_day,vah,5615.75,0,win,60,0.0,3,2025-03-12
2025-03-12 20:30:00-04:00,previous_day,vah,5615.75,0,win,60,5.0,2,2025-03-12
2025-03-13 21:42:00-04:00,previous_day,vah,5568.25,0,win,60,0.0,1,2025-03-13
2025-03-17 19:09:00-04:00,previous_day,vah,5734.25,0,loss,-16,16.0,1,2025-03-17
2025-03-17 19:17:00-04:00,previous_day,poc,5732.75,0,loss,-16,16.0,2,2025-03-17
2025-03-18 18:57:00-04:00,previous_day,poc,5672.0,0,loss,-16,16.0,1,2025-03-18
2025-03-18 19:14:00-04:00,previous_day,poc,5672.0,0,loss,-16,16.0,2,2025-03-18
2025-03-19 20:30:00-04:00,previous_day,val,5699.75,0,win,60,0.0,1,2025-03-19
2025-03-19 20:36:00-04:00,previous_day,val,5699.75,0,win,60,0.0,1,2025-03-19
2025-03-19 20:46:00-04:00,previous_day,val,5699.75,0,win,60,0.0,1,2025-03-19
2025-03-19 20:57:00-04:00,previous_day,val,5699.75,0,win,60,0.0,1,2025-03-19
2025-03-19 21:16:00-04:00,previous_day,val,5699.75,0,win,60,0.0,1,2025-03-19
2025-03-19 21:21:00-04:00,previous_day,val,5699.75,0,win,60,0.0,1,2025-03-19
2025-03-20 19:00:00-04:00,previous_day,poc,5714.5,0,loss,-16,16.0,1,2025-03-20
2025-03-20 19:05:00-04:00,previous_day,val,5709.0,0,loss,-16,16.0,1,2025-03-20
2025-03-24 19:47:00-04:00,previous_day,poc,5813.5,0,win,60,9.0,16,2025-03-24
2025-03-24 20:57:00-04:00,previous_day,poc,5813.5,0,win,60,5.0,16,2025-03-24
2025-03-24 21:14:00-04:00,previous_day,vah,5815.25,0,win,60,8.0,11,2025-03-24
2025-03-24 21:27:00-04:00,previous_day,vah,5815.25,0,win,60,10.0,14,2025-03-24
2025-03-24 21:41:00-04:00,previous_day,vah,5815.25,0,win,60,3.0,12,2025-03-24
2025-03-24 21:58:00-04:00,previous_day,poc,5813.5,0,win,60,2.0,2,2025-03-24
2025-03-27 18:53:00-04:00,previous_day,poc,5740.5,0,loss,-16,16.0,10,2025-03-27
2025-03-27 20:55:00-04:00,previous_day,poc,5740.5,0,win,60,3.0,26,2025-03-27
2025-03-27 21:45:00-04:00,previous_day,poc,5740.5,0,win,60,13.0,19,2025-03-27
2025-04-01 20:02:00-04:00,previous_day,poc,5674.75,0,loss,-16,16.0,6,2025-04-01
2025-04-08 21:50:00-04:00,previous_day,val,4982.0,0,loss,-16,16.0,1,2025-04-08
2025-04-09 20:35:00-04:00,previous_day,poc,5489.5,0,loss,-16,16.0,1,2025-04-09
2025-04-09 21:07:00-04:00,previous_day,poc,5489.5,0,win,60,8.0,2,2025-04-09
2025-04-10 19:12:00-04:00,previous_day,poc,5299.5,0,loss,-16,16.0,2,2025-04-10
2025-04-10 20:02:00-04:00,previous_day,val,5258.25,0,loss,-16,16.0,1,2025-04-10
2025-04-14 20:36:00-04:00,previous_day,val,5432.5,0,win,60,11.0,11,2025-04-14
2025-04-14 21:40:00-04:00,previous_day,val,5432.5,0,win,60,2.0,4,2025-04-14
2025-04-14 21:52:00-04:00,previous_day,val,5432.5,0,win,60,1.0,3,2025-04-14
2025-04-16 18:34:00-04:00,previous_day,poc,5305.25,0,loss,-16,16.0,31,2025-04-16
2025-04-16 19:33:00-04:00,previous_day,poc,5305.25,0,loss,-16,16.0,5,2025-04-16
2025-04-21 18:45:00-04:00,previous_day,poc,5183.5,0,loss,-16,16.0,18,2025-04-21
2025-04-21 19:19:00-04:00,previous_day,poc,5183.5,0,win,60,0.0,1,2025-04-21
2025-04-21 19:35:00-04:00,previous_day,poc,5183.5,0,win,60,2.0,8,2025-04-21
2025-04-22 18:30:00-04:00,previous_day,vah,5403.25,0,win,60,0.0,1,2025-04-22
2025-04-22 18:46:00-04:00,previous_day,vah,5403.25,0,win,60,12.0,2,2025-04-22
2025-04-22 20:15:00-04:00,previous_day,vah,5403.25,0,win,60,9.0,5,2025-04-22
2025-04-22 20:24:00-04:00,previous_day,vah,5403.25,0,loss,-16,16.0,4,2025-04-22
2025-04-23 18:30:00-04:00,previous_day,poc,5398.25,0,win,60,7.0,27,2025-04-23
2025-04-23 21:59:00-04:00,previous_day,poc,5398.25,0,loss,-16,16.0,37,2025-04-23
2025-04-28 20:01:00-04:00,previous_day,poc,5551.5,0,win,60,0.0,1,2025-04-28
2025-04-29 21:43:00-04:00,previous_day,val,5558.25,1,win,60,8.0,22,2025-04-29
2025-05-01 20:23:00-04:00,previous_day,poc,5625.0,1,win,60,13.0,4,2025-05-01
2025-05-01 20:50:00-04:00,previous_day,vah,5659.25,0,loss,-16,16.0,10,2025-05-01
2025-05-01 21:49:00-04:00,previous_day,vah,5659.25,0,loss,-16,16.0,31,2025-05-01
2025-05-05 21:38:00-04:00,previous_day,val,5658.5,0,win,60,4.0,4,2025-05-05
2025-05-05 21:59:00-04:00,previous_day,val,5658.5,0,win,60,5.0,4,2025-05-05
2025-05-07 19:35:00-04:00,previous_day,vah,5648.75,1,loss,-16,16.0,10,2025-05-07
2025-05-07 20:12:00-04:00,previous_day,vah,5648.75,1,win,60,0.0,1,2025-05-07
2025-05-07 20:27:00-04:00,previous_day,vah,5648.75,1,loss,-16,16.0,14,2025-05-07
2025-05-08 18:45:00-04:00,previous_day,poc,5686.5,1,loss,-16,16.0,41,2025-05-08
2025-05-12 19:07:00-04:00,previous_day,poc,5864.25,0,win,60,1.0,14,2025-05-12
2025-05-12 19:35:00-04:00,previous_day,poc,5864.25,0,win,60,11.0,2,2025-05-12
2025-05-13 18:32:00-04:00,previous_day,poc,5903.5,0,win,60,5.0,14,2025-05-13
2025-05-13 18:52:00-04:00,previous_day,poc,5903.5,0,win,60,11.0,40,2025-05-13
2025-05-13 20:24:00-04:00,previous_day,poc,5903.5,0,win,60,1.0,2,2025-05-13
2025-05-13 20:49:00-04:00,previous_day,poc,5903.5,0,win,60,11.0,13,2025-05-13
2025-05-13 21:47:00-04:00,previous_day,poc,5903.5,0,loss,-16,16.0,21,2025-05-13
2025-05-14 18:31:00-04:00,previous_day,val,5901.5,0,win,60,6.0,30,2025-05-14
2025-05-14 20:43:00-04:00,previous_day,val,5901.5,0,win,60,4.0,3,2025-05-14
2025-05-14 21:06:00-04:00,previous_day,val,5901.5,0,loss,-16,16.0,16,2025-05-14
2025-05-15 20:06:00-04:00,previous_day,vah,5938.25,1,win,60,7.0,6,2025-05-15
2025-05-15 20:15:00-04:00,previous_day,vah,5938.25,1,win,60,0.0,1,2025-05-15
2025-05-19 19:53:00-04:00,previous_day,vah,5986.75,0,win,60,12.0,2,2025-05-19
2025-05-19 20:19:00-04:00,previous_day,vah,5986.75,0,win,60,2.0,3,2025-05-19
2025-05-19 20:31:00-04:00,previous_day,vah,5986.75,0,win,60,6.0,15,2025-05-19
2025-05-19 21:00:00-04:00,previous_day,poc,5981.25,0,win,60,0.0,1,2025-05-19
2025-05-20 18:39:00-04:00,previous_day,val,5946.5,0,win,60,0.0,1,2025-05-20
2025-05-20 18:48:00-04:00,previous_day,val,5946.5,0,win,60,9.0,12,2025-05-20
2025-05-20 21:31:00-04:00,previous_day,val,5946.5,0,win,60,8.0,2,2025-05-20
2025-05-21 18:33:00-04:00,previous_day,poc,5859.25,0,win,60,10.0,9,2025-05-21
2025-05-21 19:10:00-04:00,previous_day,poc,5859.25,0,win,60,0.0,7,2025-05-21
2025-05-21 19:34:00-04:00,previous_day,poc,5859.25,0,win,60,3.0,33,2025-05-21
2025-05-22 18:50:00-04:00,previous_day,poc,5858.5,0,loss,-16,16.0,1,2025-05-22
2025-05-22 19:24:00-04:00,previous_day,poc,5858.5,0,win,60,15.0,16,2025-05-22
2025-05-22 21:07:00-04:00,previous_day,poc,5858.5,0,win,60,6.0,19,2025-05-22
2025-05-22 21:30:00-04:00,previous_day,poc,5858.5,0,win,60,5.0,17,2025-05-22
2025-05-22 21:53:00-04:00,previous_day,poc,5858.5,0,win,60,9.0,4,2025-05-22
2025-05-26 18:30:00-04:00,previous_day,val,5881.75,0,win,60,0.0,1,2025-05-26
2025-05-26 20:56:00-04:00,previous_day,val,5881.75,0,win,60,3.0,5,2025-05-26
2025-05-27 18:31:00-04:00,previous_day,vah,5936.5,1,win,60,4.0,5,2025-05-27
2025-05-27 18:43:00-04:00,previous_day,vah,5936.5,1,win,60,1.0,17,2025-05-27
2025-05-27 20:00:00-04:00,previous_day,vah,5936.5,1,win,60,8.0,30,2025-05-27
2025-05-27 20:56:00-04:00,previous_day,poc,5936.0,1,win,60,9.0,41,2025-05-27
2025-05-28 18:36:00-04:00,previous_day,vah,5926.5,0,win,60,0.0,1,2025-05-28
2025-05-29 18:34:00-04:00,previous_day,val,5913.25,0,win,60,0.0,1,2025-05-29
2025-05-29 19:11:00-04:00,previous_day,val,5913.25,0,win,60,7.0,6,2025-05-29
2025-05-29 19:22:00-04:00,previous_day,val,5913.25,0,win,60,9.0,12,2025-05-29
2025-06-02 19:30:00-04:00,previous_day,poc,5947.25,0,win,60,0.0,1,2025-06-02
2025-06-03 18:30:00-04:00,previous_day,vah,5985.0,0,win,60,0.0,1,2025-06-03
2025-06-03 18:47:00-04:00,previous_day,vah,5985.0,0,win,60,4.0,3,2025-06-03
2025-06-03 18:57:00-04:00,previous_day,vah,5985.0,0,win,60,5.0,3,2025-06-03
2025-06-03 19:01:00-04:00,previous_day,poc,5981.5,0,win,60,0.0,1,2025-06-03
2025-06-03 19:12:00-04:00,previous_day,vah,5985.0,0,win,60,1.0,2,2025-06-03
2025-06-03 19:32:00-04:00,previous_day,vah,5985.0,0,win,60,9.0,2,2025-06-03
2025-06-03 19:50:00-04:00,previous_day,poc,5981.5,0,win,60,0.0,1,2025-06-03
2025-06-03 20:03:00-04:00,previous_day,vah,5985.0,0,win,60,0.0,2,2025-06-03
2025-06-03 20:10:00-04:00,previous_day,vah,5985.0,0,win,60,0.0,1,2025-06-03
2025-06-03 20:11:00-04:00,previous_day,poc,5981.5,0,win,60,3.0,5,2025-06-03
2025-06-03 20:37:00-04:00,previous_day,vah,5985.0,0,win,60,5.0,4,2025-06-03
2025-06-03 20:56:00-04:00,previous_day,vah,5985.0,0,win,60,9.0,2,2025-06-03
2025-06-03 21:31:00-04:00,previous_day,poc,5981.5,0,win,60,0.0,1,2025-06-03
2025-06-03 21:40:00-04:00,previous_day,poc,5981.5,0,win,60,0.0,1,2025-06-03
2025-06-04 18:33:00-04:00,previous_day,poc,5978.25,1,win,60,0.0,1,2025-06-04
2025-06-04 18:42:00-04:00,previous_day,poc,5978.25,1,win,60,0.0,1,2025-06-04
2025-06-04 19:02:00-04:00,previous_day,val,5977.75,1,win,60,0.0,1,2025-06-04
2025-06-04 20:15:00-04:00,previous_day,poc,5978.25,1,win,60,5.0,2,2025-06-04
2025-06-04 20:47:00-04:00,previous_day,poc,5978.25,1,win,60,0.0,1,2025-06-04
2025-06-04 20:48:00-04:00,previous_day,val,5977.75,1,win,60,1.0,2,2025-06-04
2025-06-04 21:02:00-04:00,previous_day,val,5977.75,1,win,60,2.0,2,2025-06-04
2025-06-04 21:56:00-04:00,previous_day,val,5977.75,1,win,60,3.0,2,2025-06-04
2025-06-04 21:59:00-04:00,previous_day,poc,5978.25,1,win,60,0.0,3,2025-06-04
2025-06-05 18:56:00-04:00,previous_day,poc,5947.75,0,win,60,0.0,1,2025-06-05
2025-06-05 19:02:00-04:00,previous_day,poc,5947.75,0,win,60,0.0,1,2025-06-05
2025-06-05 19:09:00-04:00,previous_day,poc,5947.75,0,win,60,0.0,1,2025-06-05
2025-06-05 19:16:00-04:00,previous_day,poc,5947.75,0,win,60,0.0,1,2025-06-05
2025-06-05 19:26:00-04:00,previous_day,poc,5947.75,0,win,60,4.0,2,2025-06-05
2025-06-05 19:43:00-04:00,previous_day,poc,5947.75,0,win,60,0.0,1,2025-06-05
2025-06-05 19:48:00-04:00,previous_day,poc,5947.75,0,win,60,2.0,3,2025-06-05
2025-06-05 19:57:00-04:00,previous_day,poc,5947.75,0,win,60,2.0,2,2025-06-05
2025-06-05 20:47:00-04:00,previous_day,poc,5947.75,0,win,60,0.0,1,2025-06-05
2025-06-09 20:05:00-04:00,previous_day,poc,6010.0,0,win,60,0.0,1,2025-06-09
2025-06-09 20:11:00-04:00,previous_day,poc,6010.0,0,win,60,4.0,4,2025-06-09
2025-06-09 20:46:00-04:00,previous_day,vah,6019.75,1,win,60,2.0,2,2025-06-09
2025-06-09 20:54:00-04:00,previous_day,vah,6019.75,1,win,60,0.0,1,2025-06-09
2025-06-09 21:01:00-04:00,previous_day,vah,6019.75,1,win,60,2.0,2,2025-06-09
2025-06-10 19:00:00-04:00,previous_day,poc,6045.0,0,win,60,0.0,1,2025-06-10
2025-06-10 19:18:00-04:00,previous_day,vah,6047.75,0,win,60,0.0,1,2025-06-10
2025-06-10 19:23:00-04:00,previous_day,vah,6047.75,0,win,60,15.0,2,2025-06-10
2025-06-10 19:31:00-04:00,previous_day,poc,6045.0,0,win,60,0.0,1,2025-06-10
2025-06-11 18:38:00-04:00,previous_day,poc,6028.5,0,win,60,0.0,1,2025-06-11
2025-06-11 18:44:00-04:00,previous_day,poc,6028.5,0,win,60,0.0,1,2025-06-11
2025-06-11 20:37:00-04:00,previous_day,val,6010.25,0,win,60,0.0,1,2025-06-11
2025-06-11 20:50:00-04:00,previous_day,val,6010.25,0,win,60,0.0,1,2025-06-11
2025-06-11 21:00:00-04:00,previous_day,val,6010.25,0,win,60,0.0,1,2025-06-11
2025-06-11 21:07:00-04:00,previous_day,val,6010.25,0,win,60,0.0,1,2025-06-11
2025-06-11 21:13:00-04:00,previous_day,val,6010.25,0,win,60,5.0,2,2025-06-11
2025-06-11 21:21:00-04:00,previous_day,val,6010.25,0,win,60,0.0,1,2025-06-11
2025-06-11 21:38:00-04:00,previous_day,vah,6050.75,1,loss,-16,16.0,1,2025-06-11
2025-06-12 18:30:00-04:00,previous_day,val,6035.0,0,win,60,11.0,2,2025-06-12
2025-06-12 18:37:00-04:00,previous_day,val,6035.0,0,win,60,0.0,1,2025-06-12
2025-06-12 19:01:00-04:00,previous_day,val,6035.0,0,win,60,0.0,2,2025-06-12
2025-06-12 19:35:00-04:00,previous_day,val,6035.0,0,win,60,0.0,1,2025-06-12
2025-06-12 19:41:00-04:00,previous_day,val,6035.0,0,win,60,0.0,1,2025-06-12
2025-06-12 19:47:00-04:00,previous_day,val,6035.0,0,win,60,0.0,1,2025-06-12
2025-06-12 20:00:00-04:00,previous_day,vah,6050.5,2,loss,-16,16.0,2,2025-06-12
2025-06-12 20:05:00-04:00,previous_day,val,6035.0,0,win,60,0.0,1,2025-06-12
2025-06-12 20:10:00-04:00,previous_day,val,6035.0,0,loss,-16,16.0,1,2025-06-12
2025-06-17 20:08:00-04:00,previous_day,val,6034.0,0,loss,-16,16.0,1,2025-06-17
2025-06-17 20:16:00-04:00,previous_day,poc,6038.25,0,loss,-16,16.0,1,2025-06-17
2025-06-18 20:16:00-04:00,previous_day,val,6020.0,0,loss,-16,16.0,1,2025-06-18
2025-06-18 20:25:00-04:00,previous_day,val,6020.0,0,win,60,0.0,1,2025-06-18
2025-06-24 21:18:00-04:00,previous_day,poc,6143.75,0,win,60,0.0,3,2025-06-24
2025-06-24 21:27:00-04:00,previous_day,poc,6143.75,0,win,60,13.0,24,2025-06-24
2025-06-25 20:32:00-04:00,previous_day,poc,6147.5,0,win,60,8.0,52,2025-06-25
2025-06-26 19:10:00-04:00,previous_day,vah,6199.0,0,win,60,0.0,1,2025-06-26
2025-06-26 19:50:00-04:00,previous_day,poc,6196.25,0,win,60,4.0,6,2025-06-26
2025-06-26 20:04:00-04:00,previous_day,poc,6196.25,0,win,60,6.0,54,2025-06-26
2025-06-26 21:21:00-04:00,previous_day,poc,6196.25,0,win,60,9.0,28,2025-06-26
2025-06-26 21:55:00-04:00,previous_day,vah,6199.0,0,win,60,8.0,19,2025-06-26
2025-07-01 18:30:00-04:00,previous_day,poc,6249.0,0,win,60,2.0,71,2025-07-01
2025-07-01 21:52:00-04:00,previous_day,poc,6249.0,0,loss,-16,16.0,20,2025-07-01
2025-07-02 21:10:00-04:00,previous_day,vah,6275.25,1,win,60,0.0,4,2025-07-02
2025-07-03 18:43:00-04:00,previous_day,val,6318.75,0,win,60,5.0,17,2025-07-03
2025-07-07 18:43:00-04:00,previous_day,val,6263.0,0,win,60,13.0,25,2025-07-07
2025-07-07 20:55:00-04:00,previous_day,poc,6275.5,0,loss,-16,16.0,17,2025-07-07
2025-07-07 21:23:00-04:00,previous_day,poc,6275.5,0,win,60,0.0,1,2025-07-07
2025-07-07 21:38:00-04:00,previous_day,poc,6275.5,0,loss,-16,16.0,6,2025-07-07
2025-07-08 19:23:00-04:00,previous_day,poc,6270.5,0,loss,-16,16.0,43,2025-07-08
2025-07-08 21:58:00-04:00,previous_day,val,6269.0,0,win,60,4.0,5,2025-07-08
2025-07-09 19:14:00-04:00,previous_day,poc,6307.0,0,loss,-16,16.0,24,2025-07-09
2025-07-10 18:30:00-04:00,previous_day,vah,6326.0,0,win,60,5.0,95,2025-07-10
2025-07-10 20:05:00-04:00,previous_day,poc,6324.5,0,loss,-16,16.0,2,2025-07-10
2025-07-10 20:23:00-04:00,previous_day,val,6300.0,0,win,60,0.0,1,2025-07-10
2025-07-10 20:57:00-04:00,previous_day,val,6300.0,0,win,60,14.0,2,2025-07-10
2025-07-10 21:25:00-04:00,previous_day,val,6300.0,0,win,60,1.0,18,2025-07-10
2025-07-10 21:45:00-04:00,previous_day,val,6300.0,0,win,60,0.0,1,2025-07-10
2025-07-17 18:30:00-04:00,previous_day,poc,6342.25,0,win,60,0.0,1,2025-07-17
2025-07-17 19:04:00-04:00,previous_day,poc,6342.25,0,win,60,0.0,8,2025-07-17
2025-07-17 19:20:00-04:00,previous_day,vah,6344.75,0,win,60,1.0,34,2025-07-17
2025-07-22 18:30:00-04:00,previous_day,vah,6345.75,2,win,60,12.0,43,2025-07-22
2025-07-24 18:31:00-04:00,previous_day,vah,6411.0,0,win,60,14.0,90,2025-07-24
2025-07-24 20:04:00-04:00,previous_day,vah,6411.0,0,win,60,2.0,2,2025-07-24
2025-07-29 18:34:00-04:00,previous_day,poc,6406.0,0,win,60,0.0,1,2025-07-29
2025-07-29 19:52:00-04:00,previous_day,poc,6406.0,0,win,60,1.0,45,2025-07-29
2025-07-31 18:35:00-04:00,previous_day,val,6361.75,0,loss,-16,16.0,1,2025-07-31
2025-07-31 19:15:00-04:00,previous_day,val,6361.75,0,loss,-16,16.0,1,2025-07-31
2025-08-05 20:00:00-04:00,previous_day,val,6316.0,0,win,60,0.0,13,2025-08-05
2025-08-05 20:38:00-04:00,previous_day,poc,6325.25,0,loss,-16,16.0,3,2025-08-05
2025-08-06 19:55:00-04:00,previous_day,vah,6378.5,0,win,60,1.0,7,2025-08-06
2025-08-11 19:01:00-04:00,previous_day,poc,6400.0,0,win,60,15.0,30,2025-08-11
2025-08-11 19:33:00-04:00,previous_day,poc,6400.0,0,win,60,12.0,28,2025-08-11
2025-08-11 21:14:00-04:00,previous_day,poc,6400.0,0,win,60,2.0,30,2025-08-11
2025-08-12 19:44:00-04:00,previous_day,vah,6468.5,1,win,60,5.0,5,2025-08-12
2025-08-12 19:52:00-04:00,previous_day,poc,6467.5,1,win,60,5.0,2,2025-08-12
2025-08-12 20:05:00-04:00,previous_day,vah,6468.5,1,win,60,5.0,2,2025-08-12
2025-08-12 20:18:00-04:00,previous_day,vah,6468.5,1,win,60,4.0,12,2025-08-12
2025-08-12 20:32:00-04:00,previous_day,poc,6467.5,1,win,60,0.0,1,2025-08-12
2025-08-12 20:46:00-04:00,previous_day,vah,6468.5,1,win,60,7.0,7,2025-08-12
2025-08-13 19:03:00-04:00,previous_day,poc,6489.0,1,win,60,11.0,17,2025-08-13
2025-08-13 19:45:00-04:00,previous_day,poc,6489.0,1,win,60,2.0,3,2025-08-13
2025-08-13 20:15:00-04:00,previous_day,poc,6489.0,1,loss,-16,16.0,28,2025-08-13
2025-08-14 19:13:00-04:00,previous_day,vah,6493.5,0,win,60,3.0,5,2025-08-14
2025-08-14 19:23:00-04:00,previous_day,vah,6493.5,0,win,60,5.0,21,2025-08-14
2025-08-14 20:09:00-04:00,previous_day,poc,6488.75,0,win,60,5.0,3,2025-08-14
2025-08-14 20:21:00-04:00,previous_day,poc,6488.75,0,win,60,2.0,17,2025-08-14
2025-08-14 20:39:00-04:00,previous_day,vah,6493.5,0,win,60,6.0,30,2025-08-14
2025-08-18 20:08:00-04:00,previous_day,vah,6469.0,1,loss,-16,16.0,22,2025-08-18
2025-08-19 18:35:00-04:00,previous_day,poc,6432.75,0,win,60,5.0,29,2025-08-19
2025-08-19 19:09:00-04:00,previous_day,poc,6432.75,0,win,60,6.0,9,2025-08-19
2025-08-19 19:18:00-04:00,previous_day,val,6431.0,0,loss,-16,16.0,5,2025-08-19
2025-08-20 21:55:00-04:00,previous_day,poc,6413.75,0,win,60,6.0,4,2025-08-20
2025-08-21 20:14:00-04:00,previous_day,poc,6388.25,0,win,60,12.0,2,2025-08-21
2025-08-21 20:29:00-04:00,previous_day,poc,6388.25,0,win,60,0.0,4,2025-08-21
2025-08-21 21:08:00-04:00,previous_day,poc,6388.25,0,win,60,1.0,40,2025-08-21
2025-08-25 20:03:00-04:00,previous_day,poc,6454.5,1,win,60,0.0,1,2025-08-25
2025-08-25 20:12:00-04:00,previous_day,poc,6454.5,1,win,60,0.0,4,2025-08-25
2025-08-25 20:23:00-04:00,previous_day,poc,6454.5,1,win,60,0.0,1,2025-08-25
2025-08-25 20:31:00-04:00,previous_day,poc,6454.5,1,win,60,0.0,1,2025-08-25
2025-08-26 20:01:00-04:00,previous_day,vah,6484.5,0,win,60,0.0,2,2025-08-26
2025-08-26 20:11:00-04:00,previous_day,vah,6484.5,0,win,60,0.0,2,2025-08-26
2025-08-26 20:20:00-04:00,previous_day,vah,6484.5,0,win,60,2.0,7,2025-08-26
2025-08-26 21:04:00-04:00,previous_day,vah,6484.5,0,win,60,0.0,15,2025-08-26
2025-08-27 21:57:00-04:00,previous_day,val,6486.0,1,win,60,1.0,7,2025-08-27
2025-09-01 18:51:00-04:00,previous_day,val,6475.75,1,win,60,3.0,3,2025-09-01
2025-09-03 21:38:00-04:00,previous_day,vah,6464.0,0,win,60,2.0,3,2025-09-03
2025-09-03 21:48:00-04:00,previous_day,vah,6464.0,0,win,60,4.0,8,2025-09-03
2025-09-03 21:57:00-04:00,previous_day,vah,6464.0,0,win,60,0.0,2,2025-09-03
2025-09-08 20:58:00-04:00,previous_day,vah,6508.25,0,win,60,2.0,2,2025-09-08
2025-09-08 21:11:00-04:00,previous_day,vah,6508.25,0,win,60,2.0,11,2025-09-08
2025-09-08 21:22:00-04:00,previous_day,poc,6507.0,1,win,60,0.0,2,2025-09-08
2025-09-08 21:46:00-04:00,previous_day,poc,6507.0,1,win,60,0.0,1,2025-09-08
2025-09-08 21:58:00-04:00,previous_day,vah,6508.25,0,win,60,1.0,4,2025-09-08
2025-09-11 18:30:00-04:00,previous_day,poc,6592.25,0,win,60,0.0,1,2025-09-11
2025-09-11 18:53:00-04:00,previous_day,poc,6592.25,0,win,60,0.0,2,2025-09-11
2025-09-11 18:59:00-04:00,previous_day,poc,6592.25,0,win,60,0.0,3,2025-09-11
2025-09-11 20:00:00-04:00,previous_day,poc,6592.25,0,win,60,7.0,2,2025-09-11
2025-09-11 20:12:00-04:00,previous_day,poc,6592.25,0,win,60,0.0,1,2025-09-11
2025-09-11 20:17:00-04:00,previous_day,poc,6592.25,0,win,60,0.0,1,2025-09-11
2025-09-11 20:29:00-04:00,previous_day,poc,6592.25,0,win,60,0.0,1,2025-09-11
2025-09-11 20:51:00-04:00,previous_day,poc,6592.25,0,win,60,0.0,1,2025-09-11
2025-09-15 19:25:00-04:00,previous_day,val,6620.0,0,win,60,0.0,1,2025-09-15
2025-09-15 19:30:00-04:00,previous_day,val,6620.0,0,win,60,0.0,1,2025-09-15
2025-09-15 19:41:00-04:00,previous_day,val,6620.0,0,win,60,0.0,1,2025-09-15
2025-09-15 19:57:00-04:00,previous_day,val,6620.0,0,win,60,0.0,1,2025-09-15
2025-09-15 21:09:00-04:00,previous_day,val,6620.0,0,win,60,0.0,1,2025-09-15
2025-09-15 21:16:00-04:00,previous_day,val,6620.0,0,win,60,0.0,1,2025-09-15
2025-09-15 21:37:00-04:00,previous_day,val,6620.0,0,win,60,0.0,1,2025-09-15
2025-09-15 21:53:00-04:00,previous_day,val,6620.0,0,win,60,0.0,1,2025-09-15
2025-09-15 21:58:00-04:00,previous_day,val,6620.0,0,win,60,1.0,2,2025-09-15
2025-09-18 18:59:00-04:00,previous_day,vah,6703.5,0,loss,-16,16.0,1,2025-09-18
2025-09-18 19:06:00-04:00,previous_day,vah,6703.5,0,loss,-16,16.0,3,2025-09-18
2025-09-22 19:51:00-04:00,previous_day,poc,6751.75,0,win,60,0.0,1,2025-09-22
2025-09-22 20:03:00-04:00,previous_day,poc,6751.75,0,win,60,0.0,1,2025-09-22
2025-09-22 20:51:00-04:00,previous_day,poc,6751.75,0,win,60,0.0,1,2025-09-22
2025-09-22 21:21:00-04:00,previous_day,poc,6751.75,0,win,60,4.0,3,2025-09-22
2025-09-22 21:42:00-04:00,previous_day,poc,6751.75,0,win,60,1.0,4,2025-09-22
2025-09-23 20:06:00-04:00,previous_day,poc,6715.75,0,win,60,15.0,2,2025-09-23
2025-09-23 20:36:00-04:00,previous_day,poc,6715.75,0,win,60,12.0,89,2025-09-23
2025-09-25 18:53:00-04:00,previous_day,poc,6660.5,1,win,60,2.0,2,2025-09-25
2025-09-25 19:08:00-04:00,previous_day,poc,6660.5,1,win,60,7.0,7,2025-09-25
2025-09-25 19:24:00-04:00,previous_day,poc,6660.5,1,win,60,12.0,50,2025-09-25
2025-09-25 20:19:00-04:00,previous_day,poc,6660.5,1,win,60,13.0,38,2025-09-25
2025-09-25 21:01:00-04:00,previous_day,poc,6660.5,1,loss,-16,16.0,16,2025-09-25
2025-09-25 21:41:00-04:00,previous_day,poc,6660.5,1,win,60,14.0,52,2025-09-25
2025-09-29 19:39:00-04:00,previous_day,poc,6714.25,0,win,60,8.0,16,2025-09-29
2025-09-29 20:50:00-04:00,previous_day,poc,6714.25,0,win,60,5.0,12,2025-09-29
2025-10-01 19:26:00-04:00,previous_day,poc,6760.5,1,win,60,1.0,5,2025-10-01
2025-10-01 20:00:00-04:00,previous_day,poc,6760.5,1,win,60,7.0,9,2025-10-01
2025-10-01 20:09:00-04:00,previous_day,poc,6760.5,1,win,60,8.0,4,2025-10-01
2025-10-01 20:15:00-04:00,previous_day,vah,6761.5,1,win,60,3.0,2,2025-10-01
2025-10-01 20:19:00-04:00,previous_day,poc,6760.5,1,win,60,0.0,1,2025-10-01
2025-10-02 19:17:00-04:00,previous_day,poc,6766.75,0,win,60,1.0,9,2025-10-02
2025-10-02 19:48:00-04:00,previous_day,poc,6766.75,0,win,60,0.0,12,2025-10-02
2025-10-06 18:35:00-04:00,previous_day,poc,6788.5,0,loss,-16,16.0,6,2025-10-06
2025-10-06 18:55:00-04:00,previous_day,val,6780.0,1,win,60,7.0,3,2025-10-06
2025-10-06 19:22:00-04:00,previous_day,val,6780.0,1,win,60,1.0,6,2025-10-06
2025-10-06 19:45:00-04:00,previous_day,val,6780.0,1,win,60,0.0,2,2025-10-06
2025-10-06 19:53:00-04:00,previous_day,val,6780.0,1,win,60,0.0,1,2025-10-06
2025-10-07 19:02:00-04:00,previous_day,vah,6767.5,0,win,60,10.0,9,2025-10-07
2025-10-07 19:16:00-04:00,previous_day,poc,6762.5,0,win,60,3.0,4,2025-10-07
2025-10-07 19:28:00-04:00,previous_day,poc,6762.5,0,win,60,0.0,1,2025-10-07
2025-10-07 20:46:00-04:00,previous_day,poc,6762.5,0,win,60,0.0,2,2025-10-07
2025-10-07 21:25:00-04:00,previous_day,vah,6767.5,0,win,60,0.0,4,2025-10-07
2025-10-08 21:14:00-04:00,previous_day,vah,6802.25,1,win,60,13.0,2,2025-10-08
2025-10-08 21:30:00-04:00,previous_day,vah,6802.25,1,loss,-16,16.0,3,2025-10-08
2025-10-13 18:49:00-04:00,previous_day,vah,6695.0,1,loss,-16,16.0,25,2025-10-13
2025-10-14 20:11:00-04:00,previous_day,poc,6686.0,0,win,60,10.0,33,2025-10-14
2025-10-15 19:19:00-04:00,previous_day,poc,6715.0,0,loss,-16,16.0,19,2025-10-15
2025-10-15 19:44:00-04:00,previous_day,poc,6715.0,0,loss,-16,16.0,7,2025-10-15
2025-10-20 18:34:00-04:00,previous_day,vah,6777.25,0,win,60,3.0,76,2025-10-20
2025-10-20 20:04:00-04:00,previous_day,vah,6777.25,0,win,60,5.0,4,2025-10-20
2025-10-21 19:02:00-04:00,previous_day,poc,6772.0,0,loss,-16,16.0,58,2025-10-21
2025-10-21 20:05:00-04:00,previous_day,poc,6772.0,0,loss,-16,16.0,3,2025-10-21
2025-10-22 18:35:00-04:00,previous_day,poc,6737.0,0,win,60,10.0,57,2025-10-22
2025-10-22 20:57:00-04:00,previous_day,poc,6737.0,0,win,60,5.0,8,2025-10-22
2025-10-27 19:00:00-04:00,previous_day,vah,6910.75,0,win,60,0.0,25,2025-10-27
2025-10-27 19:57:00-04:00,previous_day,vah,6910.75,0,win,60,8.0,9,2025-10-27
2025-10-27 20:13:00-04:00,previous_day,vah,6910.75,0,win,60,0.0,1,2025-10-27
2025-10-27 20:41:00-04:00,previous_day,vah,6910.75,0,win,60,4.0,4,2025-10-27
2025-10-27 21:13:00-04:00,previous_day,poc,6907.5,0,win,60,4.0,5,2025-10-27
2025-10-27 21:39:00-04:00,previous_day,poc,6907.5,0,win,60,9.0,119,2025-10-27
2025-10-28 18:36:00-04:00,previous_day,vah,6928.25,0,win,60,12.0,18,2025-10-28
2025-10-28 19:00:00-04:00,previous_day,poc,6925.5,1,win,60,4.0,8,2025-10-28
2025-10-28 19:09:00-04:00,previous_day,poc,6925.5,1,win,60,4.0,133,2025-10-28
2025-10-28 21:47:00-04:00,previous_day,vah,6928.25,0,win,60,3.0,15,2025-10-28
2025-10-29 21:04:00-04:00,previous_day,poc,6928.0,0,win,60,0.0,1,2025-10-29
2025-10-30 20:00:00-04:00,previous_day,vah,6897.25,0,loss,-16,16.0,4,2025-10-30
2025-10-30 21:19:00-04:00,previous_day,vah,6897.25,0,win,60,0.0,1,2025-10-30
2025-11-03 19:15:00-05:00,previous_day,val,6871.25,1,win,60,3.0,2,2025-11-03
2025-11-03 20:25:00-05:00,previous_day,val,6871.25,1,win,60,0.0,1,2025-11-03
2025-11-05 19:13:00-05:00,previous_day,poc,6824.25,0,loss,-16,16.0,11,2025-11-05
2025-11-06 20:30:00-05:00,previous_day,poc,6750.0,0,win,60,0.0,1,2025-11-06
2025-11-06 20:39:00-05:00,previous_day,poc,6750.0,0,win,60,0.0,1,2025-11-06
2025-11-06 20:53:00-05:00,previous_day,poc,6750.0,0,win,60,0.0,6,2025-11-06
2025-11-06 21:05:00-05:00,previous_day,poc,6750.0,0,win,60,10.0,7,2025-11-06
2025-11-06 21:35:00-05:00,previous_day,poc,6750.0,0,win,60,4.0,6,2025-11-06
2025-11-06 21:53:00-05:00,previous_day,poc,6750.0,0,win,60,0.0,15,2025-11-06
2025-11-10 18:30:00-05:00,previous_day,poc,6857.0,0,win,60,11.0,51,2025-11-10
2025-11-10 19:23:00-05:00,previous_day,vah,6860.75,0,win,60,2.0,19,2025-11-10
2025-11-10 19:46:00-05:00,previous_day,vah,6860.75,0,win,60,15.0,81,2025-11-10
2025-11-10 21:09:00-05:00,previous_day,vah,6860.75,0,win,60,14.0,29,2025-11-10
2025-11-10 21:44:00-05:00,previous_day,vah,6860.75,0,win,60,11.0,26,2025-11-10
2025-11-11 18:31:00-05:00,previous_day,poc,6872.75,0,win,60,6.0,13,2025-11-11
2025-11-11 18:59:00-05:00,previous_day,poc,6872.75,0,win,60,6.0,2,2025-11-11
2025-11-11 19:07:00-05:00,previous_day,poc,6872.75,0,win,60,0.0,2,2025-11-11
2025-11-11 19:50:00-05:00,previous_day,vah,6879.0,0,win,60,12.0,17,2025-11-11
2025-11-11 20:25:00-05:00,previous_day,vah,6879.0,0,win,60,0.0,1,2025-11-11
2025-11-11 20:33:00-05:00,previous_day,vah,6879.0,0,win,60,3.0,21,2025-11-11
2025-11-12 19:12:00-05:00,previous_day,val,6865.75,0,win,60,14.0,21,2025-11-12
2025-11-12 20:08:00-05:00,previous_day,vah,6881.0,0,win,60,0.0,1,2025-11-12
2025-11-12 20:15:00-05:00,previous_day,vah,6881.0,0,win,60,0.0,2,2025-11-12
2025-11-12 20:24:00-05:00,previous_day,vah,6881.0,0,win,60,0.0,4,2025-11-12
2025-11-12 21:10:00-05:00,previous_day,vah,6881.0,0,win,60,7.0,7,2025-11-12
2025-11-12 21:31:00-05:00,previous_day,vah,6881.0,0,loss,-16,16.0,14,2025-11-12
2025-11-12 21:48:00-05:00,previous_day,vah,6881.0,0,win,60,12.0,7,2025-11-12
2025-11-17 19:18:00-05:00,previous_day,poc,6693.75,0,win,60,0.0,1,2025-11-17
2025-11-17 19:26:00-05:00,previous_day,poc,6693.75,0,loss,-16,16.0,6,2025-11-17
2025-11-17 19:50:00-05:00,previous_day,poc,6693.75,0,win,60,0.0,1,2025-11-17
2025-11-17 21:37:00-05:00,previous_day,poc,6693.75,0,win,60,6.0,5,2025-11-17
2025-11-17 21:46:00-05:00,previous_day,poc,6693.75,0,win,60,13.0,4,2025-11-17
2025-11-17 21:55:00-05:00,previous_day,poc,6693.75,0,win,60,13.0,3,2025-11-17
2025-11-18 19:02:00-05:00,previous_day,poc,6637.5,0,win,60,5.0,3,2025-11-18
2025-11-18 19:44:00-05:00,previous_day,poc,6637.5,0,win,60,0.0,1,2025-11-18
2025-11-18 19:52:00-05:00,previous_day,poc,6637.5,0,win,60,7.0,3,2025-11-18
2025-11-18 20:41:00-05:00,previous_day,poc,6637.5,0,win,60,4.0,5,2025-11-18
2025-11-18 20:52:00-05:00,previous_day,poc,6637.5,0,win,60,0.0,1,2025-11-18
2025-11-18 21:01:00-05:00,previous_day,poc,6637.5,0,win,60,5.0,2,2025-11-18
2025-11-20 18:36:00-05:00,previous_day,poc,6558.75,0,win,60,3.0,7,2025-11-20
2025-11-24 19:02:00-05:00,previous_day,poc,6718.75,0,win,60,7.0,9,2025-11-24
2025-11-24 19:13:00-05:00,previous_day,poc,6718.75,0,win,60,1.0,2,2025-11-24
2025-11-24 19:22:00-05:00,previous_day,poc,6718.75,0,win,60,6.0,5,2025-11-24
2025-11-24 19:39:00-05:00,previous_day,poc,6718.75,0,win,60,6.0,17,2025-11-24
2025-11-24 20:18:00-05:00,previous_day,poc,6718.75,0,win,60,0.0,2,2025-11-24
2025-11-24 20:31:00-05:00,previous_day,poc,6718.75,0,win,60,12.0,15,2025-11-24
2025-11-24 21:04:00-05:00,previous_day,poc,6718.75,0,win,60,8.0,2,2025-11-24
2025-11-24 21:25:00-05:00,previous_day,poc,6718.75,0,win,60,9.0,15,2025-11-24
2025-11-24 21:41:00-05:00,previous_day,poc,6718.75,0,win,60,0.0,2,2025-11-24
2025-11-25 18:52:00-05:00,previous_day,poc,6780.25,0,win,60,0.0,1,2025-11-25
2025-11-25 19:05:00-05:00,previous_day,poc,6780.25,0,win,60,0.0,1,2025-11-25
2025-12-01 18:41:00-05:00,previous_day,poc,6829.0,0,win,60,6.0,2,2025-12-01
2025-12-01 20:30:00-05:00,previous_day,poc,6829.0,0,win,60,0.0,1,2025-12-01
2025-12-01 21:45:00-05:00,previous_day,poc,6829.0,0,win,60,4.0,6,2025-12-01
2025-12-01 21:59:00-05:00,previous_day,poc,6829.0,0,win,60,1.0,2,2025-12-01
2025-12-02 19:22:00-05:00,previous_day,poc,6839.25,0,win,60,0.0,1,2025-12-02
2025-12-02 19:51:00-05:00,previous_day,vah,6848.5,0,win,60,6.0,4,2025-12-02
2025-12-02 20:00:00-05:00,previous_day,vah,6848.5,0,win,60,0.0,2,2025-12-02
2025-12-02 20:18:00-05:00,previous_day,vah,6848.5,0,win,60,1.0,4,2025-12-02
2025-12-03 18:50:00-05:00,previous_day,poc,6862.5,0,win,60,0.0,11,2025-12-03
2025-12-03 19:46:00-05:00,previous_day,poc,6862.5,0,win,60,15.0,9,2025-12-03
2025-12-03 20:09:00-05:00,previous_day,poc,6862.5,0,win,60,2.0,27,2025-12-03
2025-12-03 20:44:00-05:00,previous_day,poc,6862.5,0,win,60,5.0,8,2025-12-03
2025-12-03 21:54:00-05:00,previous_day,poc,6862.5,0,win,60,0.0,6,2025-12-03
2025-12-04 19:26:00-05:00,previous_day,vah,6868.0,1,win,60,5.0,12,2025-12-04
2025-12-04 19:42:00-05:00,previous_day,vah,6868.0,1,win,60,0.0,17,2025-12-04
2025-12-09 19:07:00-05:00,previous_day,poc,6849.25,0,win,60,0.0,2,2025-12-09
2025-12-09 19:14:00-05:00,previous_day,poc,6849.25,0,win,60,0.0,1,2025-12-09
2025-12-09 19:24:00-05:00,previous_day,val,6845.5,1,win,60,0.0,16,2025-12-09
2025-12-09 19:46:00-05:00,previous_day,val,6845.5,1,win,60,2.0,4,2025-12-09
2025-12-09 19:58:00-05:00,previous_day,val,6845.5,1,win,60,9.0,2,2025-12-09
2025-12-09 20:04:00-05:00,previous_day,val,6845.5,1,win,60,2.0,3,2025-12-09
2025-12-09 21:14:00-05:00,previous_day,val,6845.5,1,win,60,0.0,1,2025-12-09
2025-12-11 21:28:00-05:00,previous_day,poc,6908.0,0,win,60,0.0,1,2025-12-11
2025-12-11 21:45:00-05:00,previous_day,vah,6911.75,0,win,60,0.0,1,2025-12-11
2025-12-11 21:47:00-05:00,previous_day,poc,6908.0,0,win,60,0.0,2,2025-12-11
2025-12-16 21:00:00-05:00,previous_day,poc,6855.25,0,loss,-16,16.0,1,2025-12-16
2025-12-16 21:41:00-05:00,previous_day,poc,6855.25,0,loss,-16,16.0,2,2025-12-16
2025-12-18 18:52:00-05:00,previous_day,poc,6828.5,0,loss,-16,16.0,1,2025-12-18
2025-12-18 19:00:00-05:00,previous_day,poc,6828.5,0,loss,-16,16.0,1,2025-12-18
2025-12-22 19:05:00-05:00,previous_day,poc,6929.5,0,win,60,0.0,10,2025-12-22
2025-12-22 19:31:00-05:00,previous_day,poc,6929.5,0,win,60,0.0,5,2025-12-22
2025-12-22 20:34:00-05:00,previous_day,poc,6929.5,0,win,60,4.0,2,2025-12-22
2025-12-30 18:39:00-05:00,previous_day,val,6940.75,0,win,60,5.0,31,2025-12-30
2026-01-05 18:30:00-05:00,previous_day,poc,6946.0,0,win,60,0.0,1,2026-01-05
2026-01-05 20:21:00-05:00,previous_day,poc,6946.0,0,win,60,3.0,13,2026-01-05
2026-01-06 20:20:00-05:00,previous_day,poc,6986.25,0,win,60,0.0,3,2026-01-06
2026-01-06 21:53:00-05:00,previous_day,poc,6986.25,0,win,60,0.0,25,2026-01-06
2026-01-07 19:26:00-05:00,previous_day,poc,6963.0,0,win,60,3.0,36,2026-01-07
2026-01-07 21:34:00-05:00,previous_day,poc,6963.0,0,win,60,0.0,1,2026-01-07
2026-01-07 21:40:00-05:00,previous_day,val,6960.5,0,win,60,3.0,4,2026-01-07
2026-01-08 19:59:00-05:00,previous_day,vah,6961.75,1,win,60,0.0,1,2026-01-08
2026-01-08 20:08:00-05:00,previous_day,vah,6961.75,1,win,60,5.0,10,2026-01-08
2026-01-08 20:18:00-05:00,previous_day,poc,6960.75,1,win,60,0.0,1,2026-01-08
2026-01-08 21:21:00-05:00,previous_day,poc,6960.75,1,win,60,2.0,2,2026-01-08
2026-01-08 21:38:00-05:00,previous_day,vah,6961.75,1,win,60,3.0,25,2026-01-08
2026-01-13 19:16:00-05:00,previous_day,poc,7000.75,0,loss,-16,16.0,56,2026-01-13
2026-01-19 18:51:00-05:00,previous_day,vah,6907.75,0,win,60,0.0,1,2026-01-19
2026-01-19 18:59:00-05:00,previous_day,vah,6907.75,0,win,60,12.0,7,2026-01-19
2026-01-19 19:06:00-05:00,previous_day,poc,6903.25,1,win,60,4.0,2,2026-01-19
2026-01-19 19:12:00-05:00,previous_day,poc,6903.25,1,win,60,4.0,2,2026-01-19
2026-01-19 19:40:00-05:00,previous_day,vah,6907.75,0,win,60,1.0,6,2026-01-19
2026-01-19 19:52:00-05:00,previous_day,vah,6907.75,0,loss,-16,16.0,7,2026-01-19
2026-01-19 20:06:00-05:00,previous_day,vah,6907.75,0,win,60,15.0,7,2026-01-19
2026-01-19 20:16:00-05:00,previous_day,vah,6907.75,0,win,60,5.0,11,2026-01-19
2026-01-19 21:15:00-05:00,previous_day,vah,6907.75,0,win,60,2.0,3,2026-01-19
2026-01-20 18:48:00-05:00,previous_day,poc,6833.75,0,loss,-16,16.0,4,2026-01-20
2026-01-22 21:00:00-05:00,previous_day,vah,6956.25,0,win,60,0.0,1,2026-01-22
2026-01-26 18:55:00-05:00,previous_day,poc,6980.75,0,win,60,13.0,26,2026-01-26
2026-01-26 19:28:00-05:00,previous_day,poc,6980.75,0,win,60,2.0,61,2026-01-26
2026-01-28 18:50:00-05:00,previous_day,poc,7006.5,0,loss,-16,16.0,3,2026-01-28
2026-01-28 18:58:00-05:00,previous_day,val,6999.0,0,win,60,0.0,1,2026-01-28
2026-01-28 19:30:00-05:00,previous_day,val,6999.0,0,loss,-16,16.0,1,2026-01-28
2026-01-29 18:46:00-05:00,previous_day,poc,6989.75,0,loss,-16,16.0,11,2026-01-29
2026-02-02 18:31:00-05:00,previous_day,vah,7015.25,0,win,60,4.0,3,2026-02-02
2026-02-02 18:53:00-05:00,previous_day,vah,7015.25,0,win,60,9.0,16,2026-02-02
2026-02-02 19:17:00-05:00,previous_day,vah,7015.25,0,win,60,2.0,2,2026-02-02
2026-02-02 20:49:00-05:00,previous_day,vah,7015.25,0,win,60,2.0,14,2026-02-02
2026-02-02 21:18:00-05:00,previous_day,vah,7015.25,0,win,60,0.0,1,2026-02-02
2026-02-03 19:00:00-05:00,previous_day,poc,6940.5,0,win,60,0.0,1,2026-02-03
2026-02-03 19:18:00-05:00,previous_day,poc,6940.5,0,win,60,4.0,7,2026-02-03
2026-02-03 19:26:00-05:00,previous_day,poc,6940.5,0,win,60,15.0,8,2026-02-03
2026-02-03 19:37:00-05:00,previous_day,poc,6940.5,0,loss,-16,16.0,11,2026-02-03
2026-02-03 20:02:00-05:00,previous_day,poc,6940.5,0,win,60,3.0,2,2026-02-03
2026-02-03 20:11:00-05:00,previous_day,poc,6940.5,0,win,60,0.0,14,2026-02-03
2026-02-03 20:48:00-05:00,previous_day,poc,6940.5,0,win,60,0.0,14,2026-02-03
2026-02-03 21:41:00-05:00,previous_day,poc,6940.5,0,win,60,1.0,2,2026-02-03
2026-02-04 18:32:00-05:00,previous_day,vah,6927.5,0,win,60,0.0,1,2026-02-04
2026-02-04 19:30:00-05:00,previous_day,vah,6927.5,0,win,60,10.0,14,2026-02-04
2026-02-04 19:51:00-05:00,previous_day,vah,6927.5,0,win,60,6.0,2,2026-02-04
2026-02-04 20:22:00-05:00,previous_day,vah,6927.5,0,win,60,12.0,15,2026-02-04
2026-02-04 21:03:00-05:00,previous_day,vah,6927.5,0,win,60,0.0,1,2026-02-04
2026-02-04 21:15:00-05:00,previous_day,poc,6906.25,0,win,60,0.0,1,2026-02-04
2026-02-04 21:52:00-05:00,previous_day,poc,6906.25,0,loss,-16,16.0,3,2026-02-04
2026-02-05 18:54:00-05:00,previous_day,poc,6817.75,0,loss,-16,16.0,1,2026-02-05
2026-02-05 20:54:00-05:00,previous_day,val,6802.25,0,win,60,0.0,1,2026-02-05
2026-02-05 21:23:00-05:00,previous_day,val,6802.25,0,win,60,1.0,2,2026-02-05
2026-02-05 21:45:00-05:00,previous_day,val,6802.25,0,loss,-16,16.0,1,2026-02-05
2026-02-09 18:30:00-05:00,previous_day,poc,6980.25,0,win,60,4.0,14,2026-02-09
2026-02-09 18:45:00-05:00,previous_day,poc,6980.25,0,win,60,9.0,4,2026-02-09
2026-02-09 19:05:00-05:00,previous_day,poc,6980.25,0,loss,-16,16.0,4,2026-02-09
2026-02-09 20:42:00-05:00,previous_day,poc,6980.25,0,win,60,0.0,1,2026-02-09
2026-02-09 20:54:00-05:00,previous_day,poc,6980.25,0,win,60,15.0,41,2026-02-09
2026-02-11 18:48:00-05:00,previous_day,poc,6958.75,0,loss,-16,16.0,34,2026-02-11
2026-02-11 20:48:00-05:00,previous_day,vah,6970.5,1,win,60,4.0,6,2026-02-11
2026-02-11 21:01:00-05:00,previous_day,vah,6970.5,1,win,60,15.0,17,2026-02-11
2026-02-11 21:57:00-05:00,previous_day,vah,6970.5,1,win,60,1.0,35,2026-02-11
2026-02-12 18:39:00-05:00,previous_day,poc,6850.5,0,win,60,13.0,2,2026-02-12
2026-02-12 19:27:00-05:00,previous_day,poc,6850.5,0,win,60,0.0,4,2026-02-12
2026-02-12 19:38:00-05:00,previous_day,poc,6850.5,0,win,60,0.0,2,2026-02-12
2026-02-12 19:47:00-05:00,previous_day,val,6843.0,0,win,60,0.0,1,2026-02-12
2026-02-16 19:57:00-05:00,previous_day,vah,6854.75,0,win,60,0.0,9,2026-02-16
2026-02-16 20:27:00-05:00,previous_day,vah,6854.75,0,win,60,11.0,2,2026-02-16
2026-02-16 20:37:00-05:00,previous_day,vah,6854.75,0,win,60,0.0,1,2026-02-16
2026-02-16 20:51:00-05:00,previous_day,poc,6846.5,1,loss,-16,16.0,1,2026-02-16
2026-02-18 18:51:00-05:00,previous_day,poc,6895.5,1,win,60,12.0,15,2026-02-18
2026-02-18 20:27:00-05:00,previous_day,poc,6895.5,1,win,60,2.0,10,2026-02-18
2026-02-18 20:37:00-05:00,previous_day,poc,6895.5,1,win,60,0.0,1,2026-02-18
2026-02-18 20:57:00-05:00,previous_day,poc,6895.5,1,win,60,3.0,2,2026-02-18
2026-02-19 18:53:00-05:00,previous_day,poc,6878.25,0,win,60,0.0,1,2026-02-19
2026-02-19 19:01:00-05:00,previous_day,poc,6878.25,0,win,60,1.0,13,2026-02-19
2026-02-19 19:21:00-05:00,previous_day,poc,6878.25,0,win,60,8.0,4,2026-02-19
2026-02-19 21:05:00-05:00,previous_day,vah,6893.0,1,win,60,4.0,2,2026-02-19
2026-02-23 19:26:00-05:00,previous_day,poc,6854.0,0,win,60,0.0,1,2026-02-23
2026-02-23 19:34:00-05:00,previous_day,poc,6854.0,0,win,60,0.0,9,2026-02-23
2026-02-24 18:39:00-05:00,previous_day,poc,6903.25,0,win,60,0.0,3,2026-02-24
2026-02-24 18:51:00-05:00,previous_day,poc,6903.25,0,win,60,5.0,4,2026-02-24
2026-02-24 19:00:00-05:00,previous_day,poc,6903.25,0,win,60,8.0,10,2026-02-24
2026-02-24 19:25:00-05:00,previous_day,poc,6903.25,0,win,60,15.0,8,2026-02-24
2026-02-24 19:48:00-05:00,previous_day,vah,6908.0,0,win,60,3.0,11,2026-02-24
2026-02-25 18:31:00-05:00,previous_day,poc,6959.5,0,win,60,15.0,2,2026-02-25
2026-03-02 20:56:00-05:00,previous_day,val,6855.25,0,win,60,0.0,1,2026-03-02
2026-03-02 21:41:00-05:00,previous_day,val,6855.25,0,win,60,0.0,1,2026-03-02
2026-03-03 19:24:00-05:00,previous_day,poc,6825.75,0,win,60,0.0,1,2026-03-03
2026-03-03 20:03:00-05:00,previous_day,poc,6825.75,0,loss,-16,16.0,2,2026-03-03
2026-03-03 21:35:00-05:00,previous_day,vah,6841.25,0,loss,-16,16.0,1,2026-03-03
2026-03-04 19:16:00-05:00,previous_day,vah,6898.25,0,win,60,0.0,1,2026-03-04
2026-03-04 20:42:00-05:00,previous_day,poc,6873.0,0,loss,-16,16.0,1,2026-03-04
2026-03-04 20:47:00-05:00,previous_day,val,6869.0,0,win,60,0.0,1,2026-03-04
2026-03-04 21:49:00-05:00,previous_day,val,6869.0,0,win,60,0.0,1,2026-03-04
2026-03-05 18:30:00-05:00,previous_day,poc,6835.0,0,win,60,0.0,1,2026-03-05
2026-03-05 18:37:00-05:00,previous_day,poc,6835.0,0,win,60,1.0,3,2026-03-05
2026-03-05 20:26:00-05:00,previous_day,vah,6836.75,0,win,60,0.0,1,2026-03-05
2026-03-05 20:27:00-05:00,previous_day,poc,6835.0,0,win,60,7.0,4,2026-03-05
2026-03-05 20:44:00-05:00,previous_day,vah,6836.75,0,win,60,12.0,21,2026-03-05
2026-03-05 21:54:00-05:00,previous_day,vah,6836.75,0,win,60,0.0,1,2026-03-05
2026-03-10 18:31:00-04:00,previous_day,poc,6788.0,0,win,60,0.0,1,2026-03-10
2026-03-10 19:00:00-04:00,previous_day,poc,6788.0,0,win,60,0.0,1,2026-03-10
2026-03-10 19:08:00-04:00,previous_day,poc,6788.0,0,win,60,5.0,2,2026-03-10
2026-03-11 19:09:00-04:00,previous_day,poc,6779.75,0,loss,-16,16.0,1,2026-03-11
2026-03-11 19:29:00-04:00,previous_day,poc,6779.75,0,loss,-16,16.0,1,2026-03-11
2026-03-12 20:00:00-04:00,previous_day,poc,6676.25,1,win,60,0.0,1,2026-03-12
2026-03-12 20:05:00-04:00,previous_day,poc,6676.25,1,win,60,0.0,1,2026-03-12
2026-03-18 19:03:00-04:00,previous_day,val,6667.25,0,loss,-16,16.0,1,2026-03-18
2026-03-18 19:45:00-04:00,previous_day,val,6667.25,0,win,60,0.0,2,2026-03-18
2026-03-18 20:10:00-04:00,previous_day,val,6667.25,0,loss,-16,16.0,2,2026-03-18
2026-03-19 18:30:00-04:00,previous_day,val,6626.25,0,win,60,1.0,2,2026-03-19
2026-03-19 18:40:00-04:00,previous_day,val,6626.25,0,win,60,0.0,1,2026-03-19
2026-03-19 18:45:00-04:00,previous_day,val,6626.25,0,win,60,0.0,2,2026-03-19
2026-03-19 19:00:00-04:00,previous_day,val,6626.25,0,win,60,5.0,2,2026-03-19
2026-03-19 19:13:00-04:00,previous_day,val,6626.25,0,win,60,0.0,1,2026-03-19
2026-03-19 20:12:00-04:00,previous_day,val,6626.25,0,win,60,2.0,2,2026-03-19
2026-03-19 20:28:00-04:00,previous_day,vah,6668.25,0,loss,-16,16.0,1,2026-03-19
2026-03-19 20:51:00-04:00,previous_day,vah,6668.25,0,loss,-16,16.0,2,2026-03-19
2026-03-23 20:03:00-04:00,previous_day,poc,6631.5,0,win,60,8.0,5,2026-03-23
2026-03-23 20:15:00-04:00,previous_day,val,6618.0,0,loss,-16,16.0,2,2026-03-23
2026-03-23 20:31:00-04:00,previous_day,poc,6631.5,0,loss,-16,16.0,1,2026-03-23
2026-03-25 20:27:00-04:00,previous_day,poc,6642.0,0,loss,-16,16.0,24,2026-03-25
2026-03-30 18:30:00-04:00,previous_day,poc,6387.75,0,win,60,15.0,15,2026-03-30
2026-03-30 18:58:00-04:00,previous_day,poc,6387.75,0,loss,-16,16.0,2,2026-03-30
2026-03-30 20:16:00-04:00,previous_day,val,6361.25,0,win,60,12.0,4,2026-03-30
2026-03-30 20:25:00-04:00,previous_day,val,6361.25,0,win,60,0.0,3,2026-03-30
2026-03-31 18:36:00-04:00,previous_day,poc,6569.0,0,win,60,0.0,8,2026-03-31
2026-03-31 19:15:00-04:00,previous_day,poc,6569.0,0,win,60,0.0,1,2026-03-31
2026-04-01 21:00:00-04:00,previous_day,poc,6619.5,1,win,60,9.0,3,2026-04-01
2026-04-01 21:05:00-04:00,previous_day,val,6599.5,0,win,60,14.0,4,2026-04-01
2026-04-01 21:10:00-04:00,previous_day,poc,6619.5,1,win,60,0.0,1,2026-04-01
2026-04-01 21:15:00-04:00,previous_day,val,6599.5,0,win,60,0.0,1,2026-04-01
2026-04-01 21:17:00-04:00,previous_day,vah,6634.0,0,loss,-16,16.0,1,2026-04-01
2026-04-02 18:37:00-04:00,previous_day,poc,6623.25,0,win,60,10.0,50,2026-04-02
2026-04-02 19:30:00-04:00,previous_day,poc,6623.25,0,win,60,0.0,17,2026-04-02
2026-04-02 20:10:00-04:00,previous_day,vah,6626.25,0,win,60,0.0,5,2026-04-02
2026-04-02 20:22:00-04:00,previous_day,vah,6626.25,0,loss,-16,16.0,16,2026-04-02
2026-04-02 20:54:00-04:00,previous_day,poc,6623.25,0,win,60,12.0,23,2026-04-02
